Time_Index,Minigrid_Solar_PV
1,0
2,0
3,0
4,0
5,0
6,0
7,0
8,0.0185
9,0.1295
10,0.22325
11,0.28925
12,0.295
13,0.2815
14,0.1975
15,0.13025
16,0.06175
17,0
18,0
19,0
20,0
21,0
22,0
23,0
24,0
25,0
26,0
27,0
28,0
29,0
30,0
31,0
32,0.0105
33,0.067
34,0.09275
35,0.18225
36,0.173
37,0.28525
38,0.2255
39,0.13725
40,0.07225
41,0
42,0
43,0
44,0
45,0
46,0
47,0
48,0
49,0
50,0
51,0
52,0
53,0
54,0
55,0
56,0.00675
57,0.01675
58,0.042
59,0.04925
60,0.054
61,0.05175
62,0.0505
63,0.0245
64,0.01175
65,0
66,0
67,0
68,0
69,0
70,0
71,0
72,0
73,0
74,0
75,0
76,0
77,0
78,0
79,0
80,0.00925
81,0.0655
82,0.16025
83,0.139
84,0.21
85,0.16125
86,0.1335
87,0.0905
88,0.04625
89,0.001
90,0
91,0
92,0
93,0
94,0
95,0
96,0
97,0
98,0
99,0
100,0
101,0
102,0
103,0
104,0.012
105,0.06875
106,0.12825
107,0.1785
108,0.1175
109,0.143
110,0.1235
111,0.102
112,0.0605
113,0.001
114,0
115,0
116,0
117,0
118,0
119,0
120,0
121,0
122,0
123,0
124,0
125,0
126,0
127,0
128,0.01375
129,0.10375
130,0.17175
131,0.2355
132,0.17975
133,0.15725
134,0.14325
135,0.14375
136,0.06
137,0.00125
138,0
139,0
140,0
141,0
142,0
143,0
144,0
145,0
146,0
147,0
148,0
149,0
150,0
151,0
152,0.017
153,0.0935
154,0.16575
155,0.266
156,0.286
157,0.32275
158,0.2035
159,0.0955
160,0.05
161,0.00175
162,0
163,0
164,0
165,0
166,0
167,0
168,0
169,0
170,0
171,0
172,0
173,0
174,0
175,0
176,0.02925
177,0.1725
178,0.3025
179,0.39575
180,0.44825
181,0.44675
182,0.3845
183,0.2535
184,0.105
185,0.004
186,0
187,0
188,0
189,0
190,0
191,0
192,0
193,0
194,0
195,0
196,0
197,0
198,0
199,0
200,0.01375
201,0.085
202,0.15
203,0.2265
204,0.29825
205,0.35775
206,0.273
207,0.22
208,0.091
209,0.0035
210,0
211,0
212,0
213,0
214,0
215,0
216,0
217,0
218,0
219,0
220,0
221,0
222,0
223,0
224,0.02225
225,0.12975
226,0.236
227,0.325
228,0.3675
229,0.372
230,0.286
231,0.2165
232,0.098
233,0.0045
234,0
235,0
236,0
237,0
238,0
239,0
240,0
241,0
242,0
243,0
244,0
245,0
246,0
247,0
248,0.0255
249,0.116
250,0.21875
251,0.2915
252,0.30975
253,0.299
254,0.275
255,0.18575
256,0.082
257,0.003
258,0
259,0
260,0
261,0
262,0
263,0
264,0
265,0
266,0
267,0
268,0
269,0
270,0
271,0
272,0.012
273,0.06675
274,0.14375
275,0.27625
276,0.28125
277,0.297
278,0.26375
279,0.172
280,0.09475
281,0.00425
282,0
283,0
284,0
285,0
286,0
287,0
288,0
289,0
290,0
291,0
292,0
293,0
294,0
295,0
296,0.014
297,0.06525
298,0.13575
299,0.2195
300,0.25425
301,0.255
302,0.17675
303,0.115
304,0.053
305,0.004
306,0
307,0
308,0
309,0
310,0
311,0
312,0
313,0
314,0
315,0
316,0
317,0
318,0
319,0
320,0.0095
321,0.035
322,0.09125
323,0.09875
324,0.129
325,0.11725
326,0.07125
327,0.10425
328,0.03225
329,0.00425
330,0
331,0
332,0
333,0
334,0
335,0
336,0
337,0
338,0
339,0
340,0
341,0
342,0
343,0
344,0.02075
345,0.12575
346,0.23575
347,0.336
348,0.3465
349,0.26675
350,0.2585
351,0.173
352,0.08775
353,0.00675
354,0
355,0
356,0
357,0
358,0
359,0
360,0
361,0
362,0
363,0
364,0
365,0
366,0
367,0
368,0.015
369,0.07775
370,0.09825
371,0.1725
372,0.2135
373,0.1945
374,0.18625
375,0.17225
376,0.10775
377,0.0065
378,0
379,0
380,0
381,0
382,0
383,0
384,0
385,0
386,0
387,0
388,0
389,0
390,0
391,0
392,0.02925
393,0.144
394,0.256
395,0.335
396,0.45275
397,0.3515
398,0.2915
399,0.20175
400,0.098
401,0.007
402,0
403,0
404,0
405,0
406,0
407,0
408,0
409,0
410,0
411,0
412,0
413,0
414,0
415,0
416,0.0245
417,0.09125
418,0.169
419,0.298
420,0.384
421,0.32575
422,0.2825
423,0.207
424,0.09825
425,0.0105
426,0
427,0
428,0
429,0
430,0
431,0
432,0
433,0
434,0
435,0
436,0
437,0
438,0
439,0
440,0.02425
441,0.1485
442,0.2285
443,0.31025
444,0.37125
445,0.31625
446,0.27
447,0.17075
448,0.0745
449,0.0095
450,0
451,0
452,0
453,0
454,0
455,0
456,0
457,0
458,0
459,0
460,0
461,0
462,0
463,0
464,0.0145
465,0.05925
466,0.1325
467,0.198
468,0.23925
469,0.26175
470,0.25475
471,0.12475
472,0.09125
473,0.011
474,0
475,0
476,0
477,0
478,0
479,0
480,0
481,0
482,0
483,0
484,0
485,0
486,0
487,0
488,0.02175
489,0.1
490,0.20175
491,0.2325
492,0.3025
493,0.3255
494,0.2635
495,0.12525
496,0.0365
497,0.00875
498,0
499,0
500,0
501,0
502,0
503,0
504,0
505,0
506,0
507,0
508,0
509,0
510,0
511,0
512,0.02625
513,0.11575
514,0.1815
515,0.2825
516,0.331
517,0.3385
518,0.273
519,0.17925
520,0.0565
521,0.01575
522,0
523,0
524,0
525,0
526,0
527,0
528,0
529,0
530,0
531,0
532,0
533,0
534,0
535,0
536,0.03425
537,0.12575
538,0.1925
539,0.283
540,0.31275
541,0.343
542,0.298
543,0.2285
544,0.12075
545,0.01575
546,0
547,0
548,0
549,0
550,0
551,0
552,0
553,0
554,0
555,0
556,0
557,0
558,0
559,0
560,0.04
561,0.166
562,0.2985
563,0.43175
564,0.4755
565,0.408
566,0.3415
567,0.232
568,0.14175
569,0.02725
570,0
571,0
572,0
573,0
574,0
575,0
576,0
577,0
578,0
579,0
580,0
581,0
582,0
583,0
584,0.03225
585,0.087
586,0.15075
587,0.2195
588,0.234
589,0.26275
590,0.22625
591,0.18775
592,0.0725
593,0.0145
594,0
595,0
596,0
597,0
598,0
599,0
600,0
601,0
602,0
603,0
604,0
605,0
606,0
607,0
608,0.035
609,0.13275
610,0.3505
611,0.35275
612,0.38075
613,0.341
614,0.23625
615,0.1795
616,0.0935
617,0.01475
618,0
619,0
620,0
621,0
622,0
623,0
624,0
625,0
626,0
627,0
628,0
629,0
630,0
631,0
632,0.03175
633,0.1575
634,0.228
635,0.30475
636,0.3875
637,0.3755
638,0.26375
639,0.21425
640,0.1125
641,0.02525
642,0
643,0
644,0
645,0
646,0
647,0
648,0
649,0
650,0
651,0
652,0
653,0
654,0
655,0
656,0.02125
657,0.1095
658,0.20075
659,0.278
660,0.3065
661,0.2765
662,0.23525
663,0.16175
664,0.09075
665,0.0145
666,0
667,0
668,0
669,0
670,0
671,0
672,0
673,0
674,0
675,0
676,0
677,0
678,0
679,0
680,0.03125
681,0.13975
682,0.24925
683,0.33825
684,0.3275
685,0.299
686,0.2185
687,0.16525
688,0.096
689,0.0265
690,0
691,0
692,0
693,0
694,0
695,0
696,0
697,0
698,0
699,0
700,0
701,0
702,0
703,0
704,0.0505
705,0.18825
706,0.33875
707,0.44625
708,0.5465
709,0.521
710,0.4625
711,0.3195
712,0.18175
713,0.0455
714,0
715,0
716,0
717,0
718,0
719,0
720,0
721,0
722,0
723,0
724,0
725,0
726,0
727,0
728,0.04775
729,0.18425
730,0.31125
731,0.42475
732,0.42475
733,0.401
734,0.41825
735,0.29275
736,0.14375
737,0.03525
738,0
739,0
740,0
741,0
742,0
743,0
744,0
745,0
746,0
747,0
748,0
749,0
750,0
751,0
752,0.02775
753,0.12975
754,0.1795
755,0.221
756,0.2445
757,0.201
758,0.22575
759,0.16675
760,0.10925
761,0.02425
762,0
763,0
764,0
765,0
766,0
767,0
768,0
769,0
770,0
771,0
772,0
773,0
774,0
775,0
776,0.034
777,0.1355
778,0.2755
779,0.264
780,0.41325
781,0.25025
782,0.25225
783,0.20975
784,0.158
785,0.04275
786,0
787,0
788,0
789,0
790,0
791,0
792,0
793,0
794,0
795,0
796,0
797,0
798,0
799,0
800,0.0515
801,0.20275
802,0.32
803,0.435
804,0.42275
805,0.3755
806,0.28775
807,0.2295
808,0.1275
809,0.03925
810,0
811,0
812,0
813,0
814,0
815,0
816,0
817,0
818,0
819,0
820,0
821,0
822,0
823,0
824,0.03675
825,0.1245
826,0.254
827,0.31275
828,0.37
829,0.383
830,0.311
831,0.163
832,0.094
833,0.02325
834,0
835,0
836,0
837,0
838,0
839,0
840,0
841,0
842,0
843,0
844,0
845,0
846,0
847,0
848,0.03925
849,0.119
850,0.24425
851,0.30875
852,0.3305
853,0.34875
854,0.2865
855,0.23875
856,0.17825
857,0.052
858,0
859,0
860,0
861,0
862,0
863,0
864,0
865,0
866,0
867,0
868,0
869,0
870,0
871,0
872,0.056
873,0.1665
874,0.272
875,0.337
876,0.35625
877,0.3345
878,0.33275
879,0.26525
880,0.13775
881,0.04125
882,0
883,0
884,0
885,0
886,0
887,0
888,0
889,0
890,0
891,0
892,0
893,0
894,0
895,0
896,0.0435
897,0.10325
898,0.16775
899,0.17075
900,0.22175
901,0.1905
902,0.16275
903,0.1855
904,0.12275
905,0.037
906,0
907,0
908,0
909,0
910,0
911,0
912,0
913,0
914,0
915,0
916,0
917,0
918,0
919,0
920,0.07425
921,0.2245
922,0.38525
923,0.47175
924,0.46675
925,0.44725
926,0.4755
927,0.37925
928,0.223
929,0.0695
930,0
931,0
932,0
933,0
934,0
935,0
936,0
937,0
938,0
939,0
940,0
941,0
942,0
943,0
944,0.067
945,0.2215
946,0.372
947,0.425
948,0.441
949,0.36575
950,0.304
951,0.2605
952,0.12175
953,0.0385
954,0
955,0
956,0
957,0
958,0
959,0
960,0
961,0
962,0
963,0
964,0
965,0
966,0
967,0
968,0.0725
969,0.21525
970,0.28525
971,0.40625
972,0.45875
973,0.46225
974,0.408
975,0.3205
976,0.19425
977,0.0635
978,0
979,0
980,0
981,0
982,0
983,0
984,0
985,0
986,0
987,0
988,0
989,0
990,0
991,0
992,0.06375
993,0.206
994,0.329
995,0.412
996,0.45825
997,0.4585
998,0.40775
999,0.31975
1000,0.20025
1001,0.07025
1002,0
1003,0
1004,0
1005,0
1006,0
1007,0
1008,0
1009,0
1010,0
1011,0
1012,0
1013,0
1014,0
1015,0
1016,0.09875
1017,0.24775
1018,0.36
1019,0.45
1020,0.528
1021,0.54275
1022,0.4675
1023,0.2835
1024,0.17725
1025,0.0495
1026,0
1027,0
1028,0
1029,0
1030,0
1031,0
1032,0
1033,0
1034,0
1035,0
1036,0
1037,0
1038,0
1039,0
1040,0.03925
1041,0.102
1042,0.14275
1043,0.2445
1044,0.2835
1045,0.21175
1046,0.20975
1047,0.12875
1048,0.04825
1049,0.02475
1050,0
1051,0
1052,0
1053,0
1054,0
1055,0
1056,0
1057,0
1058,0
1059,0
1060,0
1061,0
1062,0
1063,0
1064,0.0685
1065,0.14075
1066,0.262
1067,0.33275
1068,0.315
1069,0.271
1070,0.37475
1071,0.3075
1072,0.192
1073,0.0665
1074,0
1075,0
1076,0
1077,0
1078,0
1079,0
1080,0
1081,0
1082,0
1083,0
1084,0
1085,0
1086,0
1087,0
1088,0.075
1089,0.182
1090,0.3005
1091,0.39675
1092,0.41925
1093,0.493
1094,0.484
1095,0.38975
1096,0.26675
1097,0.08775
1098,0
1099,0
1100,0
1101,0
1102,0
1103,0
1104,0
1105,0
1106,0
1107,0
1108,0
1109,0
1110,0
1111,0
1112,0.08175
1113,0.2165
1114,0.3045
1115,0.38925
1116,0.4
1117,0.28725
1118,0.2915
1119,0.2575
1120,0.16575
1121,0.053
1122,0
1123,0
1124,0
1125,0
1126,0
1127,0
1128,0
1129,0
1130,0
1131,0
1132,0
1133,0
1134,0
1135,0.00075
1136,0.09175
1137,0.21975
1138,0.35275
1139,0.3875
1140,0.42225
1141,0.44275
1142,0.3985
1143,0.2885
1144,0.16675
1145,0.049
1146,0
1147,0
1148,0
1149,0
1150,0
1151,0
1152,0
1153,0
1154,0
1155,0
1156,0
1157,0
1158,0
1159,0.001
1160,0.0535
1161,0.13375
1162,0.25125
1163,0.31275
1164,0.4325
1165,0.42275
1166,0.37675
1167,0.29425
1168,0.19325
1169,0.0705
1170,0
1171,0
1172,0
1173,0
1174,0
1175,0
1176,0
1177,0
1178,0
1179,0
1180,0
1181,0
1182,0
1183,0.00125
1184,0.081
1185,0.24875
1186,0.32825
1187,0.4255
1188,0.4435
1189,0.419
1190,0.2765
1191,0.2215
1192,0.1225
1193,0.05225
1194,0
1195,0
1196,0
1197,0
1198,0
1199,0
1200,0
1201,0
1202,0
1203,0
1204,0
1205,0
1206,0
1207,0.00175
1208,0.08825
1209,0.2685
1210,0.412
1211,0.54175
1212,0.502
1213,0.369
1214,0.39525
1215,0.33875
1216,0.22525
1217,0.091
1218,0
1219,0
1220,0
1221,0
1222,0
1223,0
1224,0
1225,0
1226,0
1227,0
1228,0
1229,0
1230,0
1231,0.0035
1232,0.10075
1233,0.24825
1234,0.377
1235,0.471
1236,0.52025
1237,0.50525
1238,0.45925
1239,0.37475
1240,0.245
1241,0.09975
1242,0.0015
1243,0
1244,0
1245,0
1246,0
1247,0
1248,0
1249,0
1250,0
1251,0
1252,0
1253,0
1254,0
1255,0.0045
1256,0.10725
1257,0.25075
1258,0.38575
1259,0.46725
1260,0.429
1261,0.38475
1262,0.332
1263,0.239
1264,0.12875
1265,0.0465
1266,0.001
1267,0
1268,0
1269,0
1270,0
1271,0
1272,0
1273,0
1274,0
1275,0
1276,0
1277,0
1278,0
1279,0.0035
1280,0.06675
1281,0.21525
1282,0.37775
1283,0.50225
1284,0.53325
1285,0.58525
1286,0.5435
1287,0.40975
1288,0.2395
1289,0.1215
1290,0.002
1291,0
1292,0
1293,0
1294,0
1295,0
1296,0
1297,0
1298,0
1299,0
1300,0
1301,0
1302,0
1303,0.00875
1304,0.12775
1305,0.22475
1306,0.32475
1307,0.4865
1308,0.48325
1309,0.43875
1310,0.4415
1311,0.3525
1312,0.25375
1313,0.11125
1314,0.0025
1315,0
1316,0
1317,0
1318,0
1319,0
1320,0
1321,0
1322,0
1323,0
1324,0
1325,0
1326,0
1327,0.00575
1328,0.066
1329,0.14825
1330,0.287
1331,0.36225
1332,0.32775
1333,0.317
1334,0.32475
1335,0.2695
1336,0.1305
1337,0.05525
1338,0.0025
1339,0
1340,0
1341,0
1342,0
1343,0
1344,0
1345,0
1346,0
1347,0
1348,0
1349,0
1350,0
1351,0.0075
1352,0.13
1353,0.2455
1354,0.379
1355,0.412
1356,0.42375
1357,0.41275
1358,0.365
1359,0.301
1360,0.2275
1361,0.12625
1362,0.00375
1363,0
1364,0
1365,0
1366,0
1367,0
1368,0
1369,0
1370,0
1371,0
1372,0
1373,0
1374,0
1375,0.0055
1376,0.10075
1377,0.207
1378,0.26425
1379,0.4125
1380,0.50375
1381,0.39725
1382,0.3865
1383,0.2635
1384,0.22275
1385,0.0945
1386,0.00475
1387,0
1388,0
1389,0
1390,0
1391,0
1392,0
1393,0
1394,0
1395,0
1396,0
1397,0
1398,0
1399,0.013
1400,0.1155
1401,0.24075
1402,0.3445
1403,0.418
1404,0.44175
1405,0.45075
1406,0.3675
1407,0.31175
1408,0.1655
1409,0.0725
1410,0.0035
1411,0
1412,0
1413,0
1414,0
1415,0
1416,0
1417,0
1418,0
1419,0
1420,0
1421,0
1422,0
1423,0.01375
1424,0.1335
1425,0.29
1426,0.35975
1427,0.4285
1428,0.42825
1429,0.32225
1430,0.25325
1431,0.228
1432,0.10675
1433,0.07275
1434,0.0045
1435,0
1436,0
1437,0
1438,0
1439,0
1440,0
1441,0
1442,0
1443,0
1444,0
1445,0
1446,0
1447,0.01625
1448,0.14975
1449,0.29575
1450,0.4405
1451,0.52775
1452,0.67025
1453,0.70175
1454,0.51275
1455,0.4305
1456,0.2975
1457,0.16175
1458,0.011
1459,0
1460,0
1461,0
1462,0
1463,0
1464,0
1465,0
1466,0
1467,0
1468,0
1469,0
1470,0
1471,0.0145
1472,0.142
1473,0.334
1474,0.4695
1475,0.51175
1476,0.54925
1477,0.59375
1478,0.50775
1479,0.3695
1480,0.25025
1481,0.11525
1482,0.0085
1483,0
1484,0
1485,0
1486,0
1487,0
1488,0
1489,0
1490,0
1491,0
1492,0
1493,0
1494,0
1495,0.01875
1496,0.10175
1497,0.2915
1498,0.307
1499,0.38525
1500,0.4925
1501,0.509
1502,0.48875
1503,0.3655
1504,0.248
1505,0.1075
1506,0.008
1507,0
1508,0
1509,0
1510,0
1511,0
1512,0
1513,0
1514,0
1515,0
1516,0
1517,0
1518,0
1519,0.0195
1520,0.11025
1521,0.27975
1522,0.4135
1523,0.49825
1524,0.5185
1525,0.45775
1526,0.4185
1527,0.38175
1528,0.26875
1529,0.138
1530,0.01325
1531,0
1532,0
1533,0
1534,0
1535,0
1536,0
1537,0
1538,0
1539,0
1540,0
1541,0
1542,0
1543,0.0315
1544,0.1715
1545,0.331
1546,0.456
1547,0.5565
1548,0.585
1549,0.621
1550,0.5895
1551,0.439
1552,0.33375
1553,0.15975
1554,0.01425
1555,0
1556,0
1557,0
1558,0
1559,0
1560,0
1561,0
1562,0
1563,0
1564,0
1565,0
1566,0
1567,0.02275
1568,0.18025
1569,0.33375
1570,0.4665
1571,0.477
1572,0.4965
1573,0.48825
1574,0.453
1575,0.289
1576,0.159
1577,0.08225
1578,0.0085
1579,0
1580,0
1581,0
1582,0
1583,0
1584,0
1585,0
1586,0
1587,0
1588,0
1589,0
1590,0
1591,0.03025
1592,0.156
1593,0.348
1594,0.507
1595,0.599
1596,0.65425
1597,0.62625
1598,0.61925
1599,0.5275
1600,0.385
1601,0.19075
1602,0.01775
1603,0
1604,0
1605,0
1606,0
1607,0
1608,0
1609,0
1610,0
1611,0
1612,0
1613,0
1614,0
1615,0.02225
1616,0.129
1617,0.27675
1618,0.43925
1619,0.52275
1620,0.541
1621,0.54275
1622,0.49425
1623,0.372
1624,0.26975
1625,0.146
1626,0.014
1627,0
1628,0
1629,0
1630,0
1631,0
1632,0
1633,0
1634,0
1635,0
1636,0
1637,0
1638,0
1639,0.04875
1640,0.232
1641,0.41175
1642,0.56825
1643,0.68725
1644,0.71325
1645,0.657
1646,0.58375
1647,0.51175
1648,0.36625
1649,0.16875
1650,0.01925
1651,0
1652,0
1653,0
1654,0
1655,0
1656,0
1657,0
1658,0
1659,0
1660,0
1661,0
1662,0
1663,0.03375
1664,0.10675
1665,0.1875
1666,0.352
1667,0.46675
1668,0.436
1669,0.52175
1670,0.41025
1671,0.365
1672,0.24425
1673,0.12075
1674,0.014
1675,0
1676,0
1677,0
1678,0
1679,0
1680,0
1681,0
1682,0
1683,0
1684,0
1685,0
1686,0
1687,0.028
1688,0.1105
1689,0.2745
1690,0.36625
1691,0.43325
1692,0.42875
1693,0.4085
1694,0.36725
1695,0.26325
1696,0.2085
1697,0.1075
1698,0.02025
1699,0
1700,0
1701,0
1702,0
1703,0
1704,0
1705,0
1706,0
1707,0
1708,0
1709,0
1710,0
1711,0.0535
1712,0.2005
1713,0.38275
1714,0.47075
1715,0.45775
1716,0.50925
1717,0.4775
1718,0.45675
1719,0.41925
1720,0.27175
1721,0.14175
1722,0.019
1723,0
1724,0
1725,0
1726,0
1727,0
1728,0
1729,0
1730,0
1731,0
1732,0
1733,0
1734,0
1735,0.02925
1736,0.10825
1737,0.2465
1738,0.33775
1739,0.4005
1740,0.38325
1741,0.31675
1742,0.27025
1743,0.2365
1744,0.24375
1745,0.125
1746,0.0245
1747,0
1748,0
1749,0
1750,0
1751,0
1752,0
1753,0
1754,0
1755,0
1756,0
1757,0
1758,0
1759,0.053
1760,0.19425
1761,0.371
1762,0.5785
1763,0.661
1764,0.67275
1765,0.60925
1766,0.5425
1767,0.385
1768,0.28675
1769,0.1685
1770,0.0295
1771,0
1772,0
1773,0
1774,0
1775,0
1776,0
1777,0
1778,0
1779,0
1780,0
1781,0
1782,0
1783,0.0665
1784,0.19525
1785,0.34875
1786,0.478
1787,0.645
1788,0.70825
1789,0.69275
1790,0.61575
1791,0.44875
1792,0.30625
1793,0.1535
1794,0.03175
1795,0
1796,0
1797,0
1798,0
1799,0
1800,0
1801,0
1802,0
1803,0
1804,0
1805,0
1806,0
1807,0.05175
1808,0.14925
1809,0.31375
1810,0.43425
1811,0.54625
1812,0.5465
1813,0.48075
1814,0.46675
1815,0.398
1816,0.2245
1817,0.1015
1818,0.0205
1819,0
1820,0
1821,0
1822,0
1823,0
1824,0
1825,0
1826,0
1827,0
1828,0
1829,0
1830,0
1831,0.0305
1832,0.09225
1833,0.203
1834,0.2655
1835,0.3415
1836,0.41225
1837,0.39725
1838,0.3085
1839,0.20925
1840,0.14425
1841,0.124
1842,0.0295
1843,0
1844,0
1845,0
1846,0
1847,0
1848,0
1849,0
1850,0
1851,0
1852,0
1853,0
1854,0
1855,0.071
1856,0.23
1857,0.385
1858,0.54775
1859,0.58825
1860,0.63075
1861,0.625
1862,0.558
1863,0.459
1864,0.32375
1865,0.1625
1866,0.0325
1867,0
1868,0
1869,0
1870,0
1871,0
1872,0
1873,0
1874,0
1875,0
1876,0
1877,0
1878,0
1879,0.065
1880,0.22425
1881,0.30725
1882,0.4475
1883,0.561
1884,0.5895
1885,0.50025
1886,0.4695
1887,0.364
1888,0.284
1889,0.1675
1890,0.039
1891,0
1892,0
1893,0
1894,0
1895,0
1896,0
1897,0
1898,0
1899,0
1900,0
1901,0
1902,0
1903,0.0795
1904,0.23325
1905,0.4
1906,0.51625
1907,0.6215
1908,0.6195
1909,0.58075
1910,0.51725
1911,0.49275
1912,0.32575
1913,0.205
1914,0.04625
1915,0
1916,0
1917,0
1918,0
1919,0
1920,0
1921,0
1922,0
1923,0
1924,0
1925,0
1926,0
1927,0.09325
1928,0.261
1929,0.44425
1930,0.611
1931,0.69
1932,0.74775
1933,0.76275
1934,0.742
1935,0.61275
1936,0.4325
1937,0.234
1938,0.05025
1939,0
1940,0
1941,0
1942,0
1943,0
1944,0
1945,0
1946,0
1947,0
1948,0
1949,0
1950,0
1951,0.10075
1952,0.25575
1953,0.423
1954,0.59575
1955,0.68325
1956,0.69975
1957,0.6595
1958,0.58075
1959,0.4215
1960,0.369
1961,0.15
1962,0.031
1963,0
1964,0
1965,0
1966,0
1967,0
1968,0
1969,0
1970,0
1971,0
1972,0
1973,0
1974,0
1975,0.04275
1976,0.13075
1977,0.2025
1978,0.29225
1979,0.2655
1980,0.39925
1981,0.3705
1982,0.29875
1983,0.223
1984,0.115
1985,0.06675
1986,0.0175
1987,0
1988,0
1989,0
1990,0
1991,0
1992,0
1993,0
1994,0
1995,0
1996,0
1997,0
1998,0
1999,0.06225
2000,0.119
2001,0.24625
2002,0.36025
2003,0.50975
2004,0.583
2005,0.54875
2006,0.46275
2007,0.35275
2008,0.227
2009,0.13025
2010,0.0435
2011,0
2012,0
2013,0
2014,0
2015,0
2016,0
2017,0
2018,0
2019,0
2020,0
2021,0
2022,0.001
2023,0.05425
2024,0.18275
2025,0.304
2026,0.43675
2027,0.52375
2028,0.46375
2029,0.43875
2030,0.45325
2031,0.36475
2032,0.2775
2033,0.15725
2034,0.03975
2035,0
2036,0
2037,0
2038,0
2039,0
2040,0
2041,0
2042,0
2043,0
2044,0
2045,0
2046,0.002
2047,0.133
2048,0.271
2049,0.478
2050,0.6695
2051,0.7735
2052,0.7535
2053,0.7485
2054,0.6015
2055,0.496
2056,0.35175
2057,0.174
2058,0.03775
2059,0
2060,0
2061,0
2062,0
2063,0
2064,0
2065,0
2066,0
2067,0
2068,0
2069,0
2070,0.001
2071,0.036
2072,0.1225
2073,0.2345
2074,0.2975
2075,0.3455
2076,0.439
2077,0.40975
2078,0.40675
2079,0.33425
2080,0.2405
2081,0.1495
2082,0.0475
2083,0
2084,0
2085,0
2086,0
2087,0
2088,0
2089,0
2090,0
2091,0
2092,0
2093,0
2094,0.004
2095,0.146
2096,0.3215
2097,0.53325
2098,0.669
2099,0.77
2100,0.74725
2101,0.7015
2102,0.63775
2103,0.52825
2104,0.3665
2105,0.199
2106,0.0555
2107,0
2108,0
2109,0
2110,0
2111,0
2112,0
2113,0
2114,0
2115,0
2116,0
2117,0
2118,0.0045
2119,0.12725
2120,0.28575
2121,0.4265
2122,0.5625
2123,0.62525
2124,0.64725
2125,0.671
2126,0.55325
2127,0.4135
2128,0.33525
2129,0.188
2130,0.055
2131,0
2132,0
2133,0
2134,0
2135,0
2136,0
2137,0
2138,0
2139,0
2140,0
2141,0
2142,0.0045
2143,0.13075
2144,0.2395
2145,0.33775
2146,0.41
2147,0.521
2148,0.45825
2149,0.47275
2150,0.34325
2151,0.2645
2152,0.12125
2153,0.06725
2154,0.01725
2155,0
2156,0
2157,0
2158,0
2159,0
2160,0
2161,0
2162,0
2163,0
2164,0
2165,0
2166,0.003
2167,0.051
2168,0.07825
2169,0.1215
2170,0.2355
2171,0.28325
2172,0.28
2173,0.35075
2174,0.36
2175,0.3275
2176,0.20375
2177,0.15025
2178,0.0505
2179,0
2180,0
2181,0
2182,0
2183,0
2184,0
2185,0
2186,0
2187,0
2188,0
2189,0
2190,0.0065
2191,0.08825
2192,0.2675
2193,0.47175
2194,0.59075
2195,0.699
2196,0.7055
2197,0.71925
2198,0.617
2199,0.521
2200,0.362
2201,0.20175
2202,0.063
2203,0
2204,0
2205,0
2206,0
2207,0
2208,0
2209,0
2210,0
2211,0
2212,0
2213,0
2214,0.00925
2215,0.12025
2216,0.26325
2217,0.437
2218,0.54425
2219,0.63475
2220,0.68625
2221,0.62675
2222,0.512
2223,0.42725
2224,0.28
2225,0.151
2226,0.04875
2227,0
2228,0
2229,0
2230,0
2231,0
2232,0
2233,0
2234,0
2235,0
2236,0
2237,0
2238,0.00625
2239,0.07975
2240,0.237
2241,0.36975
2242,0.528
2243,0.613
2244,0.66275
2245,0.65225
2246,0.58325
2247,0.48275
2248,0.3515
2249,0.205
2250,0.07275
2251,0
2252,0
2253,0
2254,0
2255,0
2256,0
2257,0
2258,0
2259,0
2260,0
2261,0
2262,0.00975
2263,0.10475
2264,0.14075
2265,0.3125
2266,0.33575
2267,0.38775
2268,0.3565
2269,0.45475
2270,0.425
2271,0.3765
2272,0.27525
2273,0.171
2274,0.05975
2275,0
2276,0
2277,0
2278,0
2279,0
2280,0
2281,0
2282,0
2283,0
2284,0
2285,0
2286,0.00825
2287,0.05125
2288,0.08875
2289,0.2395
2290,0.34175
2291,0.381
2292,0.44275
2293,0.40175
2294,0.3935
2295,0.35825
2296,0.2925
2297,0.13125
2298,0.0605
2299,0
2300,0
2301,0
2302,0
2303,0
2304,0
2305,0
2306,0
2307,0
2308,0
2309,0
2310,0.01525
2311,0.12075
2312,0.28075
2313,0.493
2314,0.60375
2315,0.57975
2316,0.6305
2317,0.6015
2318,0.39075
2319,0.329
2320,0.21275
2321,0.12425
2322,0.048
2323,0
2324,0
2325,0
2326,0
2327,0
2328,0
2329,0
2330,0
2331,0
2332,0
2333,0
2334,0.0165
2335,0.16675
2336,0.38525
2337,0.57775
2338,0.733
2339,0.8395
2340,0.87675
2341,0.8345
2342,0.76125
2343,0.6495
2344,0.4155
2345,0.22625
2346,0.09125
2347,0
2348,0
2349,0
2350,0
2351,0
2352,0
2353,0
2354,0
2355,0
2356,0
2357,0
2358,0.01725
2359,0.11725
2360,0.26875
2361,0.35425
2362,0.55375
2363,0.55275
2364,0.59025
2365,0.657
2366,0.62175
2367,0.607
2368,0.44
2369,0.22775
2370,0.092
2371,0
2372,0
2373,0
2374,0
2375,0
2376,0
2377,0
2378,0
2379,0
2380,0
2381,0
2382,0.021
2383,0.17325
2384,0.243
2385,0.397
2386,0.57175
2387,0.6625
2388,0.65725
2389,0.59275
2390,0.5455
2391,0.453
2392,0.3315
2393,0.19125
2394,0.06675
2395,0
2396,0
2397,0
2398,0
2399,0
2400,0
2401,0
2402,0
2403,0
2404,0
2405,0
2406,0.02325
2407,0.13875
2408,0.32125
2409,0.439
2410,0.57375
2411,0.584
2412,0.5705
2413,0.5535
2414,0.5075
2415,0.40325
2416,0.28325
2417,0.156
2418,0.05275
2419,0
2420,0
2421,0
2422,0
2423,0
2424,0
2425,0
2426,0
2427,0
2428,0
2429,0
2430,0.0205
2431,0.14675
2432,0.28625
2433,0.35325
2434,0.417
2435,0.498
2436,0.49675
2437,0.5665
2438,0.55775
2439,0.4555
2440,0.37325
2441,0.20825
2442,0.08575
2443,0
2444,0
2445,0
2446,0
2447,0
2448,0
2449,0
2450,0
2451,0
2452,0
2453,0
2454,0.03525
2455,0.16025
2456,0.35425
2457,0.47625
2458,0.6205
2459,0.68475
2460,0.72125
2461,0.671
2462,0.7445
2463,0.527
2464,0.44825
2465,0.23825
2466,0.09475
2467,0
2468,0
2469,0
2470,0
2471,0
2472,0
2473,0
2474,0
2475,0
2476,0
2477,0
2478,0.01625
2479,0.12675
2480,0.2125
2481,0.3155
2482,0.40975
2483,0.50325
2484,0.5345
2485,0.50975
2486,0.46625
2487,0.4035
2488,0.27325
2489,0.169
2490,0.0625
2491,0.00075
2492,0
2493,0
2494,0
2495,0
2496,0
2497,0
2498,0
2499,0
2500,0
2501,0
2502,0.032
2503,0.16725
2504,0.31775
2505,0.46825
2506,0.50225
2507,0.63075
2508,0.64
2509,0.6445
2510,0.51725
2511,0.503
2512,0.29675
2513,0.2225
2514,0.075
2515,0.00125
2516,0
2517,0
2518,0
2519,0
2520,0
2521,0
2522,0
2523,0
2524,0
2525,0
2526,0.015
2527,0.0695
2528,0.1195
2529,0.22125
2530,0.324
2531,0.41725
2532,0.39825
2533,0.45125
2534,0.3645
2535,0.4145
2536,0.3765
2537,0.1905
2538,0.0735
2539,0.0015
2540,0
2541,0
2542,0
2543,0
2544,0
2545,0
2546,0
2547,0
2548,0
2549,0
2550,0.02375
2551,0.1445
2552,0.225
2553,0.326
2554,0.355
2555,0.2655
2556,0.20375
2557,0.231
2558,0.313
2559,0.2645
2560,0.27225
2561,0.104
2562,0.0605
2563,0.001
2564,0
2565,0
2566,0
2567,0
2568,0
2569,0
2570,0
2571,0
2572,0
2573,0
2574,0.05325
2575,0.23825
2576,0.44625
2577,0.55575
2578,0.74625
2579,0.849
2580,0.7545
2581,0.6315
2582,0.544
2583,0.48025
2584,0.2625
2585,0.21725
2586,0.072
2587,0.002
2588,0
2589,0
2590,0
2591,0
2592,0
2593,0
2594,0
2595,0
2596,0
2597,0
2598,0.01675
2599,0.09275
2600,0.267
2601,0.39675
2602,0.506
2603,0.46525
2604,0.5025
2605,0.3665
2606,0.4125
2607,0.359
2608,0.195
2609,0.13775
2610,0.06225
2611,0.002
2612,0
2613,0
2614,0
2615,0
2616,0
2617,0
2618,0
2619,0
2620,0
2621,0
2622,0.0525
2623,0.233
2624,0.447
2625,0.631
2626,0.77025
2627,0.87325
2628,0.92
2629,0.8815
2630,0.77975
2631,0.66675
2632,0.4815
2633,0.29
2634,0.11575
2635,0.0035
2636,0
2637,0
2638,0
2639,0
2640,0
2641,0
2642,0
2643,0
2644,0
2645,0
2646,0.04275
2647,0.172
2648,0.3145
2649,0.45275
2650,0.58275
2651,0.62125
2652,0.65825
2653,0.55475
2654,0.61675
2655,0.40375
2656,0.35475
2657,0.18675
2658,0.07225
2659,0.00325
2660,0
2661,0
2662,0
2663,0
2664,0
2665,0
2666,0
2667,0
2668,0
2669,0
2670,0.06
2671,0.179
2672,0.3115
2673,0.4615
2674,0.5945
2675,0.56925
2676,0.64525
2677,0.57875
2678,0.47925
2679,0.42875
2680,0.28
2681,0.171
2682,0.07975
2683,0.00425
2684,0
2685,0
2686,0
2687,0
2688,0
2689,0
2690,0
2691,0
2692,0
2693,0
2694,0.06175
2695,0.20875
2696,0.35975
2697,0.4755
2698,0.563
2699,0.63525
2700,0.63575
2701,0.628
2702,0.508
2703,0.442
2704,0.30425
2705,0.2035
2706,0.0975
2707,0.00475
2708,0
2709,0
2710,0
2711,0
2712,0
2713,0
2714,0
2715,0
2716,0
2717,0
2718,0.06325
2719,0.1665
2720,0.316
2721,0.516
2722,0.65425
2723,0.75375
2724,0.78475
2725,0.78575
2726,0.5745
2727,0.50175
2728,0.3595
2729,0.1905
2730,0.0775
2731,0.0045
2732,0
2733,0
2734,0
2735,0
2736,0
2737,0
2738,0
2739,0
2740,0
2741,0
2742,0.0375
2743,0.1315
2744,0.1885
2745,0.315
2746,0.4195
2747,0.46625
2748,0.37075
2749,0.45975
2750,0.38975
2751,0.327
2752,0.28175
2753,0.161
2754,0.0575
2755,0.00475
2756,0
2757,0
2758,0
2759,0
2760,0
2761,0
2762,0
2763,0
2764,0
2765,0
2766,0.05125
2767,0.15775
2768,0.298
2769,0.3405
2770,0.4885
2771,0.5685
2772,0.6275
2773,0.5065
2774,0.6475
2775,0.54775
2776,0.41725
2777,0.2345
2778,0.0925
2779,0.00675
2780,0
2781,0
2782,0
2783,0
2784,0
2785,0
2786,0
2787,0
2788,0
2789,0
2790,0.02975
2791,0.1105
2792,0.27325
2793,0.4015
2794,0.42525
2795,0.354
2796,0.26975
2797,0.38825
2798,0.32175
2799,0.29775
2800,0.2395
2801,0.1965
2802,0.05725
2803,0.00525
2804,0
2805,0
2806,0
2807,0
2808,0
2809,0
2810,0
2811,0
2812,0
2813,0
2814,0.076
2815,0.1875
2816,0.26875
2817,0.39875
2818,0.59175
2819,0.59925
2820,0.52225
2821,0.56825
2822,0.53925
2823,0.4525
2824,0.30475
2825,0.17375
2826,0.07575
2827,0.00525
2828,0
2829,0
2830,0
2831,0
2832,0
2833,0
2834,0
2835,0
2836,0
2837,0
2838,0.0545
2839,0.1895
2840,0.296
2841,0.383
2842,0.50875
2843,0.53
2844,0.489
2845,0.4895
2846,0.43975
2847,0.327
2848,0.2125
2849,0.14225
2850,0.071
2851,0.00625
2852,0
2853,0
2854,0
2855,0
2856,0
2857,0
2858,0
2859,0
2860,0
2861,0
2862,0.06375
2863,0.20025
2864,0.3255
2865,0.50675
2866,0.545
2867,0.57025
2868,0.6345
2869,0.61425
2870,0.57525
2871,0.54375
2872,0.418
2873,0.187
2874,0.0895
2875,0.00925
2876,0
2877,0
2878,0
2879,0
2880,0
2881,0
2882,0
2883,0
2884,0
2885,0
2886,0.06775
2887,0.21675
2888,0.304
2889,0.407
2890,0.60475
2891,0.63675
2892,0.772
2893,0.76325
2894,0.69675
2895,0.617
2896,0.47275
2897,0.3
2898,0.1325
2899,0.01325
2900,0
2901,0
2902,0
2903,0
2904,0
2905,0
2906,0
2907,0
2908,0
2909,0
2910,0.03225
2911,0.13175
2912,0.276
2913,0.376
2914,0.39575
2915,0.55975
2916,0.401
2917,0.32325
2918,0.2675
2919,0.22425
2920,0.3295
2921,0.1935
2922,0.102
2923,0.00775
2924,0
2925,0
2926,0
2927,0
2928,0
2929,0
2930,0
2931,0
2932,0
2933,0
2934,0.08875
2935,0.21875
2936,0.365
2937,0.4735
2938,0.51
2939,0.5625
2940,0.64675
2941,0.68825
2942,0.51475
2943,0.343
2944,0.29225
2945,0.191
2946,0.0955
2947,0.00825
2948,0
2949,0
2950,0
2951,0
2952,0
2953,0
2954,0
2955,0
2956,0
2957,0.0005
2958,0.024
2959,0.1015
2960,0.16675
2961,0.2285
2962,0.2855
2963,0.33125
2964,0.3335
2965,0.4315
2966,0.38675
2967,0.359
2968,0.321
2969,0.226
2970,0.10725
2971,0.0135
2972,0
2973,0
2974,0
2975,0
2976,0
2977,0
2978,0
2979,0
2980,0
2981,0.0005
2982,0.05225
2983,0.14675
2984,0.273
2985,0.4005
2986,0.5505
2987,0.59
2988,0.66
2989,0.471
2990,0.43825
2991,0.4015
2992,0.295
2993,0.217
2994,0.089
2995,0.01225
2996,0
2997,0
2998,0
2999,0
3000,0
3001,0
3002,0
3003,0
3004,0
3005,0.00175
3006,0.1005
3007,0.2785
3008,0.45825
3009,0.62175
3010,0.7765
3011,0.87275
3012,0.86575
3013,0.826
3014,0.72
3015,0.60525
3016,0.45325
3017,0.2875
3018,0.14525
3019,0.018
3020,0
3021,0
3022,0
3023,0
3024,0
3025,0
3026,0
3027,0
3028,0
3029,0.0025
3030,0.08775
3031,0.24325
3032,0.41425
3033,0.58975
3034,0.701
3035,0.628
3036,0.81575
3037,0.77875
3038,0.703
3039,0.536
3040,0.3755
3041,0.223
3042,0.091
3043,0.01475
3044,0
3045,0
3046,0
3047,0
3048,0
3049,0
3050,0
3051,0
3052,0
3053,0.0025
3054,0.095
3055,0.2285
3056,0.38775
3057,0.52975
3058,0.6095
3059,0.73975
3060,0.777
3061,0.66675
3062,0.63075
3063,0.55575
3064,0.417
3065,0.303
3066,0.1335
3067,0.0215
3068,0
3069,0
3070,0
3071,0
3072,0
3073,0
3074,0
3075,0
3076,0
3077,0.00425
3078,0.112
3079,0.30125
3080,0.49925
3081,0.66775
3082,0.71725
3083,0.75775
3084,0.8205
3085,0.8055
3086,0.68875
3087,0.54475
3088,0.3745
3089,0.2585
3090,0.11075
3091,0.01875
3092,0
3093,0
3094,0
3095,0
3096,0
3097,0
3098,0
3099,0
3100,0
3101,0.00325
3102,0.084
3103,0.193
3104,0.34875
3105,0.51375
3106,0.66825
3107,0.74675
3108,0.74175
3109,0.7085
3110,0.7375
3111,0.62125
3112,0.5305
3113,0.349
3114,0.18025
3115,0.03
3116,0
3117,0
3118,0
3119,0
3120,0
3121,0
3122,0
3123,0
3124,0
3125,0.00375
3126,0.0955
3127,0.2455
3128,0.415
3129,0.61825
3130,0.73625
3131,0.75125
3132,0.76475
3133,0.78
3134,0.69025
3135,0.525
3136,0.4565
3137,0.3185
3138,0.16175
3139,0.0275
3140,0
3141,0
3142,0
3143,0
3144,0
3145,0
3146,0
3147,0
3148,0
3149,0.0065
3150,0.132
3151,0.3125
3152,0.46475
3153,0.59575
3154,0.807
3155,0.858
3156,0.77775
3157,0.75
3158,0.62225
3159,0.574
3160,0.3845
3161,0.2255
3162,0.10725
3163,0.019
3164,0
3165,0
3166,0
3167,0
3168,0
3169,0
3170,0
3171,0
3172,0
3173,0.00725
3174,0.1275
3175,0.28
3176,0.48275
3177,0.6575
3178,0.7485
3179,0.8105
3180,0.74175
3181,0.702
3182,0.74575
3183,0.619
3184,0.46
3185,0.36725
3186,0.1935
3187,0.0375
3188,0
3189,0
3190,0
3191,0
3192,0
3193,0
3194,0
3195,0
3196,0
3197,0.008
3198,0.13975
3199,0.333
3200,0.515
3201,0.70125
3202,0.81025
3203,0.89525
3204,0.92575
3205,0.922
3206,0.72475
3207,0.6145
3208,0.41675
3209,0.30125
3210,0.19075
3211,0.03325
3212,0
3213,0
3214,0
3215,0
3216,0
3217,0
3218,0
3219,0
3220,0
3221,0.007
3222,0.12725
3223,0.30825
3224,0.52275
3225,0.6615
3226,0.7955
3227,0.70925
3228,0.7515
3229,0.76875
3230,0.6385
3231,0.514
3232,0.503
3233,0.37575
3234,0.192
3235,0.038
3236,0
3237,0
3238,0
3239,0
3240,0
3241,0
3242,0
3243,0
3244,0
3245,0.00725
3246,0.103
3247,0.2425
3248,0.40325
3249,0.51175
3250,0.7655
3251,0.82175
3252,0.71025
3253,0.81575
3254,0.74575
3255,0.5775
3256,0.46775
3257,0.31975
3258,0.1535
3259,0.0245
3260,0
3261,0
3262,0
3263,0
3264,0
3265,0
3266,0
3267,0
3268,0
3269,0.00875
3270,0.11425
3271,0.29
3272,0.52175
3273,0.702
3274,0.78125
3275,0.9365
3276,0.86175
3277,0.842
3278,0.66225
3279,0.61125
3280,0.51375
3281,0.389
3282,0.20475
3283,0.04475
3284,0
3285,0
3286,0
3287,0
3288,0
3289,0
3290,0
3291,0
3292,0
3293,0.00975
3294,0.11025
3295,0.31275
3296,0.43175
3297,0.644
3298,0.82675
3299,0.881
3300,0.8055
3301,0.77325
3302,0.727
3303,0.5895
3304,0.50625
3305,0.344
3306,0.1455
3307,0.038
3308,0
3309,0
3310,0
3311,0
3312,0
3313,0
3314,0
3315,0
3316,0
3317,0.00625
3318,0.08075
3319,0.18325
3320,0.30775
3321,0.40825
3322,0.47575
3323,0.51725
3324,0.5985
3325,0.57225
3326,0.4785
3327,0.41475
3328,0.3735
3329,0.2525
3330,0.121
3331,0.03725
3332,0
3333,0
3334,0
3335,0
3336,0
3337,0
3338,0
3339,0
3340,0
3341,0.0125
3342,0.12075
3343,0.278
3344,0.3915
3345,0.4975
3346,0.56675
3347,0.6405
3348,0.70325
3349,0.7345
3350,0.683
3351,0.57625
3352,0.4515
3353,0.27975
3354,0.12775
3355,0.0285
3356,0
3357,0
3358,0
3359,0
3360,0
3361,0
3362,0
3363,0
3364,0
3365,0.00825
3366,0.09525
3367,0.2065
3368,0.35025
3369,0.5215
3370,0.6255
3371,0.75625
3372,0.8125
3373,0.86125
3374,0.72275
3375,0.7015
3376,0.57475
3377,0.39125
3378,0.20275
3379,0.0475
3380,0
3381,0
3382,0
3383,0
3384,0
3385,0
3386,0
3387,0
3388,0
3389,0.012
3390,0.117
3391,0.2795
3392,0.448
3393,0.63875
3394,0.799
3395,0.86675
3396,0.9005
3397,0.87125
3398,0.72525
3399,0.66875
3400,0.55525
3401,0.36075
3402,0.16175
3403,0.0395
3404,0
3405,0
3406,0
3407,0
3408,0
3409,0
3410,0
3411,0
3412,0
3413,0.01375
3414,0.12325
3415,0.3075
3416,0.4455
3417,0.61175
3418,0.73875
3419,0.78175
3420,0.8495
3421,0.8815
3422,0.7885
3423,0.57425
3424,0.551
3425,0.31475
3426,0.15275
3427,0.042
3428,0
3429,0
3430,0
3431,0
3432,0
3433,0
3434,0
3435,0
3436,0
3437,0.0115
3438,0.09675
3439,0.2405
3440,0.402
3441,0.541
3442,0.72925
3443,0.74975
3444,0.7765
3445,0.7625
3446,0.69625
3447,0.604
3448,0.462
3449,0.3635
3450,0.17325
3451,0.0455
3452,0
3453,0
3454,0
3455,0
3456,0
3457,0
3458,0
3459,0
3460,0
3461,0.01525
3462,0.13525
3463,0.30625
3464,0.49675
3465,0.6635
3466,0.84425
3467,0.92625
3468,0.88275
3469,0.85775
3470,0.772
3471,0.74525
3472,0.55575
3473,0.376
3474,0.19225
3475,0.0455
3476,0
3477,0
3478,0
3479,0
3480,0
3481,0
3482,0
3483,0
3484,0
3485,0.01075
3486,0.14225
3487,0.2625
3488,0.41875
3489,0.56775
3490,0.6875
3491,0.7695
3492,0.83675
3493,0.7875
3494,0.7785
3495,0.66725
3496,0.5655
3497,0.39325
3498,0.2125
3499,0.05275
3500,0
3501,0
3502,0
3503,0
3504,0
3505,0
3506,0
3507,0
3508,0
3509,0.014
3510,0.096
3511,0.258
3512,0.42725
3513,0.60125
3514,0.80275
3515,0.91525
3516,0.84425
3517,0.93675
3518,0.84125
3519,0.708
3520,0.57225
3521,0.39
3522,0.16425
3523,0.04575
3524,0
3525,0
3526,0
3527,0
3528,0
3529,0
3530,0
3531,0
3532,0
3533,0.017
3534,0.12
3535,0.2845
3536,0.353
3537,0.535
3538,0.68625
3539,0.76
3540,0.742
3541,0.72775
3542,0.66275
3543,0.55525
3544,0.4665
3545,0.29875
3546,0.1665
3547,0.0375
3548,0
3549,0
3550,0
3551,0
3552,0
3553,0
3554,0
3555,0
3556,0
3557,0.01425
3558,0.12775
3559,0.2225
3560,0.326
3561,0.4735
3562,0.58
3563,0.63225
3564,0.664
3565,0.6445
3566,0.5965
3567,0.5805
3568,0.4705
3569,0.26275
3570,0.16975
3571,0.048
3572,0
3573,0
3574,0
3575,0
3576,0
3577,0
3578,0
3579,0
3580,0
3581,0.015
3582,0.088
3583,0.226
3584,0.3605
3585,0.46875
3586,0.52975
3587,0.63275
3588,0.68925
3589,0.743
3590,0.68775
3591,0.59675
3592,0.45825
3593,0.32675
3594,0.14675
3595,0.043
3596,0
3597,0
3598,0
3599,0
3600,0
3601,0
3602,0
3603,0
3604,0
3605,0.01125
3606,0.0615
3607,0.188
3608,0.41075
3609,0.59075
3610,0.733
3611,0.83425
3612,0.91625
3613,0.8355
3614,0.65025
3615,0.57625
3616,0.46725
3617,0.31825
3618,0.1725
3619,0.05475
3620,0
3621,0
3622,0
3623,0
3624,0
3625,0
3626,0
3627,0
3628,0
3629,0.018
3630,0.1425
3631,0.25725
3632,0.45175
3633,0.5435
3634,0.66225
3635,0.731
3636,0.7965
3637,0.73425
3638,0.62725
3639,0.53975
3640,0.388
3641,0.33225
3642,0.1975
3643,0.052
3644,0
3645,0
3646,0
3647,0
3648,0
3649,0
3650,0
3651,0
3652,0
3653,0.0125
3654,0.096
3655,0.274
3656,0.42875
3657,0.60075
3658,0.72675
3659,0.79525
3660,0.69
3661,0.6775
3662,0.56625
3663,0.484
3664,0.4025
3665,0.23025
3666,0.08375
3667,0.03325
3668,0
3669,0
3670,0
3671,0
3672,0
3673,0
3674,0
3675,0
3676,0
3677,0.01125
3678,0.073
3679,0.1285
3680,0.247
3681,0.252
3682,0.29625
3683,0.4325
3684,0.48025
3685,0.4495
3686,0.4265
3687,0.4655
3688,0.2965
3689,0.22175
3690,0.142
3691,0.03275
3692,0
3693,0
3694,0
3695,0
3696,0
3697,0
3698,0
3699,0
3700,0
3701,0.0145
3702,0.10675
3703,0.175
3704,0.217
3705,0.34175
3706,0.52375
3707,0.6255
3708,0.66425
3709,0.51975
3710,0.51775
3711,0.379
3712,0.33925
3713,0.21
3714,0.1335
3715,0.0445
3716,0
3717,0
3718,0
3719,0
3720,0
3721,0
3722,0
3723,0
3724,0
3725,0.02225
3726,0.12325
3727,0.2885
3728,0.481
3729,0.57575
3730,0.70325
3731,0.78225
3732,0.8085
3733,0.80975
3734,0.77575
3735,0.6055
3736,0.46975
3737,0.2785
3738,0.1605
3739,0.04925
3740,0
3741,0
3742,0
3743,0
3744,0
3745,0
3746,0
3747,0
3748,0
3749,0.01975
3750,0.11475
3751,0.281
3752,0.41375
3753,0.58525
3754,0.68675
3755,0.80725
3756,0.843
3757,0.80725
3758,0.775
3759,0.66875
3760,0.50575
3761,0.274
3762,0.13425
3763,0.042
3764,0
3765,0
3766,0
3767,0
3768,0
3769,0
3770,0
3771,0
3772,0
3773,0.01725
3774,0.12975
3775,0.323
3776,0.5095
3777,0.57475
3778,0.7115
3779,0.68975
3780,0.79475
3781,0.6975
3782,0.6335
3783,0.53025
3784,0.3385
3785,0.21525
3786,0.11825
3787,0.05025
3788,0
3789,0
3790,0
3791,0
3792,0
3793,0
3794,0
3795,0
3796,0
3797,0.01425
3798,0.08425
3799,0.22775
3800,0.3345
3801,0.504
3802,0.355
3803,0.528
3804,0.52275
3805,0.68325
3806,0.564
3807,0.41925
3808,0.39375
3809,0.20825
3810,0.10575
3811,0.033
3812,0
3813,0
3814,0
3815,0
3816,0
3817,0
3818,0
3819,0
3820,0
3821,0.018
3822,0.1125
3823,0.20825
3824,0.3035
3825,0.42925
3826,0.664
3827,0.62575
3828,0.734
3829,0.713
3830,0.671
3831,0.7365
3832,0.43325
3833,0.3025
3834,0.188
3835,0.05825
3836,0
3837,0
3838,0
3839,0
3840,0
3841,0
3842,0
3843,0
3844,0
3845,0.015
3846,0.1035
3847,0.22425
3848,0.33375
3849,0.493
3850,0.6685
3851,0.7105
3852,0.8275
3853,0.8065
3854,0.61025
3855,0.5935
3856,0.4995
3857,0.38175
3858,0.19225
3859,0.06525
3860,0
3861,0
3862,0
3863,0
3864,0
3865,0
3866,0
3867,0
3868,0
3869,0.0175
3870,0.13625
3871,0.28375
3872,0.4445
3873,0.55525
3874,0.7445
3875,0.8425
3876,0.8325
3877,0.84825
3878,0.75475
3879,0.5645
3880,0.44075
3881,0.29875
3882,0.15325
3883,0.04375
3884,0
3885,0
3886,0
3887,0
3888,0
3889,0
3890,0
3891,0
3892,0
3893,0.01075
3894,0.077
3895,0.216
3896,0.27925
3897,0.4285
3898,0.39275
3899,0.4895
3900,0.43175
3901,0.467
3902,0.399
3903,0.4825
3904,0.39975
3905,0.28675
3906,0.143
3907,0.0415
3908,0
3909,0
3910,0
3911,0
3912,0
3913,0
3914,0
3915,0
3916,0
3917,0.0105
3918,0.0955
3919,0.24475
3920,0.427
3921,0.5755
3922,0.75075
3923,0.6865
3924,0.777
3925,0.91375
3926,0.7905
3927,0.713
3928,0.60325
3929,0.42675
3930,0.232
3931,0.078
3932,0
3933,0
3934,0
3935,0
3936,0
3937,0
3938,0
3939,0
3940,0
3941,0.02275
3942,0.151
3943,0.3
3944,0.47325
3945,0.5745
3946,0.64525
3947,0.72325
3948,0.81425
3949,0.72125
3950,0.63525
3951,0.549
3952,0.43275
3953,0.2365
3954,0.179
3955,0.053
3956,0
3957,0
3958,0
3959,0
3960,0
3961,0
3962,0
3963,0
3964,0
3965,0.02375
3966,0.14175
3967,0.28075
3968,0.314
3969,0.51625
3970,0.60825
3971,0.78225
3972,0.8015
3973,0.776
3974,0.8075
3975,0.60925
3976,0.58025
3977,0.413
3978,0.19275
3979,0.0815
3980,0
3981,0
3982,0
3983,0
3984,0
3985,0
3986,0
3987,0
3988,0
3989,0.0255
3990,0.168
3991,0.32025
3992,0.433
3993,0.588
3994,0.75325
3995,0.813
3996,0.741
3997,0.68125
3998,0.61875
3999,0.69375
4000,0.426
4001,0.30125
4002,0.185
4003,0.0625
4004,0
4005,0
4006,0
4007,0
4008,0
4009,0
4010,0
4011,0
4012,0
4013,0.02025
4014,0.12925
4015,0.284
4016,0.42775
4017,0.55225
4018,0.66
4019,0.7275
4020,0.75
4021,0.7315
4022,0.626
4023,0.48375
4024,0.443
4025,0.35125
4026,0.20675
4027,0.0745
4028,0
4029,0
4030,0
4031,0
4032,0
4033,0
4034,0
4035,0
4036,0
4037,0.02225
4038,0.12075
4039,0.27225
4040,0.43975
4041,0.492
4042,0.65175
4043,0.729
4044,0.801
4045,0.90375
4046,0.73825
4047,0.6245
4048,0.525
4049,0.4155
4050,0.219
4051,0.0655
4052,0
4053,0
4054,0
4055,0
4056,0
4057,0
4058,0
4059,0
4060,0
4061,0.017
4062,0.09975
4063,0.17275
4064,0.407
4065,0.4925
4066,0.63225
4067,0.68275
4068,0.74275
4069,0.7105
4070,0.56825
4071,0.52275
4072,0.412
4073,0.24575
4074,0.1535
4075,0.0575
4076,0
4077,0
4078,0
4079,0
4080,0
4081,0
4082,0
4083,0
4084,0
4085,0.019
4086,0.12525
4087,0.28525
4088,0.48175
4089,0.6595
4090,0.832
4091,0.8455
4092,0.92975
4093,0.805
4094,0.681
4095,0.6335
4096,0.543
4097,0.41975
4098,0.2475
4099,0.08775
4100,0
4101,0
4102,0
4103,0
4104,0
4105,0
4106,0
4107,0
4108,0
4109,0.02025
4110,0.1285
4111,0.29925
4112,0.50875
4113,0.69025
4114,0.79625
4115,0.92275
4116,0.959
4117,0.8815
4118,0.7755
4119,0.664
4120,0.51925
4121,0.39625
4122,0.221
4123,0.0865
4124,0
4125,0
4126,0
4127,0
4128,0
4129,0
4130,0
4131,0
4132,0
4133,0.01875
4134,0.13325
4135,0.2815
4136,0.43875
4137,0.64675
4138,0.767
4139,0.8685
4140,0.8965
4141,0.80375
4142,0.6555
4143,0.59675
4144,0.433
4145,0.34325
4146,0.19175
4147,0.066
4148,0
4149,0
4150,0
4151,0
4152,0
4153,0
4154,0
4155,0
4156,0
4157,0.024
4158,0.1255
4159,0.30875
4160,0.36425
4161,0.4985
4162,0.6315
4163,0.59975
4164,0.6725
4165,0.72975
4166,0.77425
4167,0.70025
4168,0.57875
4169,0.4215
4170,0.2375
4171,0.082
4172,0
4173,0
4174,0
4175,0
4176,0
4177,0
4178,0
4179,0
4180,0
4181,0.019
4182,0.12175
4183,0.23825
4184,0.46525
4185,0.56325
4186,0.63875
4187,0.76825
4188,0.74125
4189,0.69325
4190,0.70325
4191,0.7395
4192,0.61175
4193,0.43625
4194,0.25475
4195,0.08925
4196,0
4197,0
4198,0
4199,0
4200,0
4201,0
4202,0
4203,0
4204,0
4205,0.019
4206,0.1195
4207,0.23425
4208,0.41975
4209,0.648
4210,0.74
4211,0.85875
4212,0.758
4213,0.72575
4214,0.68075
4215,0.5825
4216,0.572
4217,0.3755
4218,0.23225
4219,0.08325
4220,0
4221,0
4222,0
4223,0
4224,0
4225,0
4226,0
4227,0
4228,0
4229,0.02275
4230,0.09225
4231,0.25225
4232,0.41575
4233,0.52425
4234,0.707
4235,0.789
4236,0.784
4237,0.75325
4238,0.691
4239,0.6305
4240,0.47075
4241,0.35525
4242,0.21025
4243,0.06925
4244,0
4245,0
4246,0
4247,0
4248,0
4249,0
4250,0
4251,0
4252,0
4253,0.0165
4254,0.138
4255,0.28925
4256,0.357
4257,0.3785
4258,0.47875
4259,0.531
4260,0.43175
4261,0.38125
4262,0.46675
4263,0.4975
4264,0.3945
4265,0.30125
4266,0.13825
4267,0.04925
4268,0
4269,0
4270,0
4271,0
4272,0
4273,0
4274,0
4275,0
4276,0
4277,0.01775
4278,0.12625
4279,0.257
4280,0.3975
4281,0.54275
4282,0.67425
4283,0.648
4284,0.63775
4285,0.607
4286,0.61675
4287,0.527
4288,0.39725
4289,0.30725
4290,0.18575
4291,0.06075
4292,0
4293,0
4294,0
4295,0
4296,0
4297,0
4298,0
4299,0
4300,0
4301,0.0175
4302,0.13675
4303,0.288
4304,0.442
4305,0.63175
4306,0.76675
4307,0.7385
4308,0.797
4309,0.78075
4310,0.60675
4311,0.59825
4312,0.47
4313,0.28575
4314,0.16625
4315,0.05675
4316,0
4317,0
4318,0
4319,0
4320,0
4321,0
4322,0
4323,0
4324,0
4325,0.01875
4326,0.127
4327,0.28075
4328,0.4885
4329,0.613
4330,0.70675
4331,0.88125
4332,0.77225
4333,0.73525
4334,0.65075
4335,0.579
4336,0.52075
4337,0.368
4338,0.19175
4339,0.07375
4340,0
4341,0
4342,0
4343,0
4344,0
4345,0
4346,0
4347,0
4348,0
4349,0.01325
4350,0.10675
4351,0.231
4352,0.36175
4353,0.51425
4354,0.617
4355,0.61675
4356,0.72675
4357,0.68475
4358,0.6055
4359,0.50325
4360,0.36425
4361,0.261
4362,0.137
4363,0.064
4364,0
4365,0
4366,0
4367,0
4368,0
4369,0
4370,0
4371,0
4372,0
4373,0.01
4374,0.0665
4375,0.1315
4376,0.2375
4377,0.319
4378,0.381
4379,0.27475
4380,0.34475
4381,0.313
4382,0.45175
4383,0.26325
4384,0.14125
4385,0.16725
4386,0.09125
4387,0.04425
4388,0
4389,0
4390,0
4391,0
4392,0
4393,0
4394,0
4395,0
4396,0
4397,0.0105
4398,0.08925
4399,0.219
4400,0.30475
4401,0.41175
4402,0.388
4403,0.4705
4404,0.5675
4405,0.68375
4406,0.641
4407,0.54275
4408,0.445
4409,0.3355
4410,0.20825
4411,0.067
4412,0
4413,0
4414,0
4415,0
4416,0
4417,0
4418,0
4419,0
4420,0
4421,0.0125
4422,0.0955
4423,0.22525
4424,0.2405
4425,0.3615
4426,0.421
4427,0.554
4428,0.38775
4429,0.34875
4430,0.3535
4431,0.28975
4432,0.20925
4433,0.22475
4434,0.133
4435,0.0545
4436,0
4437,0
4438,0
4439,0
4440,0
4441,0
4442,0
4443,0
4444,0
4445,0.01225
4446,0.09625
4447,0.2655
4448,0.2805
4449,0.38475
4450,0.51325
4451,0.68775
4452,0.7355
4453,0.64425
4454,0.6145
4455,0.53875
4456,0.44875
4457,0.33875
4458,0.19225
4459,0.074
4460,0
4461,0
4462,0
4463,0
4464,0
4465,0
4466,0
4467,0
4468,0
4469,0.012
4470,0.085
4471,0.16
4472,0.3645
4473,0.45125
4474,0.5325
4475,0.5605
4476,0.73975
4477,0.85875
4478,0.8355
4479,0.6885
4480,0.5725
4481,0.365
4482,0.16475
4483,0.06075
4484,0
4485,0
4486,0
4487,0
4488,0
4489,0
4490,0
4491,0
4492,0
4493,0.017
4494,0.14625
4495,0.29825
4496,0.37725
4497,0.551
4498,0.6665
4499,0.63225
4500,0.64525
4501,0.63725
4502,0.702
4503,0.637
4504,0.56575
4505,0.3685
4506,0.224
4507,0.074
4508,0
4509,0
4510,0
4511,0
4512,0
4513,0
4514,0
4515,0
4516,0
4517,0.01025
4518,0.13275
4519,0.25075
4520,0.407
4521,0.5595
4522,0.721
4523,0.779
4524,0.746
4525,0.723
4526,0.67725
4527,0.63475
4528,0.46975
4529,0.31
4530,0.14175
4531,0.05175
4532,0
4533,0
4534,0
4535,0
4536,0
4537,0
4538,0
4539,0
4540,0
4541,0.0095
4542,0.08
4543,0.18525
4544,0.23775
4545,0.3645
4546,0.53075
4547,0.60575
4548,0.669
4549,0.65325
4550,0.53925
4551,0.562
4552,0.442
4553,0.30275
4554,0.2115
4555,0.06
4556,0
4557,0
4558,0
4559,0
4560,0
4561,0
4562,0
4563,0
4564,0
4565,0.0095
4566,0.09225
4567,0.203
4568,0.3375
4569,0.44075
4570,0.57525
4571,0.62675
4572,0.60175
4573,0.61125
4574,0.62675
4575,0.53525
4576,0.44575
4577,0.31525
4578,0.19025
4579,0.07175
4580,0
4581,0
4582,0
4583,0
4584,0
4585,0
4586,0
4587,0
4588,0
4589,0.01225
4590,0.1145
4591,0.26675
4592,0.405
4593,0.5565
4594,0.661
4595,0.7745
4596,0.797
4597,0.79925
4598,0.7495
4599,0.5275
4600,0.5
4601,0.30275
4602,0.1695
4603,0.057
4604,0
4605,0
4606,0
4607,0
4608,0
4609,0
4610,0
4611,0
4612,0
4613,0.00925
4614,0.10625
4615,0.24075
4616,0.3765
4617,0.50575
4618,0.6115
4619,0.71825
4620,0.77175
4621,0.72875
4622,0.67
4623,0.6065
4624,0.462
4625,0.2605
4626,0.13375
4627,0.0495
4628,0
4629,0
4630,0
4631,0
4632,0
4633,0
4634,0
4635,0
4636,0
4637,0.00825
4638,0.11975
4639,0.227
4640,0.39225
4641,0.5455
4642,0.65375
4643,0.74275
4644,0.767
4645,0.84025
4646,0.73
4647,0.64975
4648,0.54175
4649,0.3805
4650,0.2355
4651,0.072
4652,0
4653,0
4654,0
4655,0
4656,0
4657,0
4658,0
4659,0
4660,0
4661,0.006
4662,0.07975
4663,0.16725
4664,0.34125
4665,0.3125
4666,0.36725
4667,0.4055
4668,0.576
4669,0.53425
4670,0.39525
4671,0.58725
4672,0.508
4673,0.28275
4674,0.20475
4675,0.05925
4676,0
4677,0
4678,0
4679,0
4680,0
4681,0
4682,0
4683,0
4684,0
4685,0.008
4686,0.12
4687,0.299
4688,0.472
4689,0.534
4690,0.593
4691,0.62825
4692,0.782
4693,0.82475
4694,0.798
4695,0.56575
4696,0.4155
4697,0.35025
4698,0.18175
4699,0.0535
4700,0
4701,0
4702,0
4703,0
4704,0
4705,0
4706,0
4707,0
4708,0
4709,0.00675
4710,0.1005
4711,0.22175
4712,0.2935
4713,0.392
4714,0.45375
4715,0.509
4716,0.456
4717,0.63775
4718,0.64325
4719,0.53275
4720,0.4235
4721,0.278
4722,0.13775
4723,0.03575
4724,0
4725,0
4726,0
4727,0
4728,0
4729,0
4730,0
4731,0
4732,0
4733,0.006
4734,0.11725
4735,0.283
4736,0.47425
4737,0.63025
4738,0.71125
4739,0.779
4740,0.91725
4741,0.82775
4742,0.74625
4743,0.5935
4744,0.46725
4745,0.31825
4746,0.1495
4747,0.04325
4748,0
4749,0
4750,0
4751,0
4752,0
4753,0
4754,0
4755,0
4756,0
4757,0.00325
4758,0.07875
4759,0.134
4760,0.2405
4761,0.2755
4762,0.35875
4763,0.344
4764,0.4095
4765,0.4165
4766,0.37575
4767,0.3275
4768,0.36625
4769,0.24075
4770,0.15875
4771,0.0575
4772,0
4773,0
4774,0
4775,0
4776,0
4777,0
4778,0
4779,0
4780,0
4781,0.00575
4782,0.095
4783,0.2395
4784,0.38625
4785,0.52175
4786,0.65
4787,0.65975
4788,0.69575
4789,0.6795
4790,0.65675
4791,0.566
4792,0.44425
4793,0.3375
4794,0.16675
4795,0.051
4796,0
4797,0
4798,0
4799,0
4800,0
4801,0
4802,0
4803,0
4804,0
4805,0.00625
4806,0.11225
4807,0.28725
4808,0.42
4809,0.5825
4810,0.731
4811,0.84825
4812,0.86775
4813,0.72775
4814,0.7775
4815,0.718
4816,0.57725
4817,0.403
4818,0.2165
4819,0.04825
4820,0
4821,0
4822,0
4823,0
4824,0
4825,0
4826,0
4827,0
4828,0
4829,0.00425
4830,0.06575
4831,0.197
4832,0.34175
4833,0.45425
4834,0.53125
4835,0.59725
4836,0.6965
4837,0.75925
4838,0.679
4839,0.65675
4840,0.39275
4841,0.223
4842,0.13
4843,0.0435
4844,0
4845,0
4846,0
4847,0
4848,0
4849,0
4850,0
4851,0
4852,0
4853,0.005
4854,0.1175
4855,0.293
4856,0.4705
4857,0.6165
4858,0.71325
4859,0.81575
4860,0.909
4861,0.89925
4862,0.76125
4863,0.6535
4864,0.47225
4865,0.32825
4866,0.158
4867,0.05125
4868,0
4869,0
4870,0
4871,0
4872,0
4873,0
4874,0
4875,0
4876,0
4877,0.00275
4878,0.083
4879,0.22075
4880,0.3765
4881,0.5495
4882,0.6875
4883,0.7705
4884,0.8545
4885,0.83625
4886,0.81325
4887,0.7365
4888,0.565
4889,0.3955
4890,0.22025
4891,0.05225
4892,0
4893,0
4894,0
4895,0
4896,0
4897,0
4898,0
4899,0
4900,0
4901,0.003
4902,0.09075
4903,0.22575
4904,0.4085
4905,0.55225
4906,0.75625
4907,0.81
4908,0.79025
4909,0.74475
4910,0.709
4911,0.5355
4912,0.4425
4913,0.33375
4914,0.1785
4915,0.05075
4916,0
4917,0
4918,0
4919,0
4920,0
4921,0
4922,0
4923,0
4924,0
4925,0.0025
4926,0.07425
4927,0.19875
4928,0.286
4929,0.407
4930,0.5135
4931,0.526
4932,0.551
4933,0.5675
4934,0.5315
4935,0.49025
4936,0.37625
4937,0.251
4938,0.1455
4939,0.0285
4940,0
4941,0
4942,0
4943,0
4944,0
4945,0
4946,0
4947,0
4948,0
4949,0.00275
4950,0.1025
4951,0.26875
4952,0.453
4953,0.59275
4954,0.69225
4955,0.7725
4956,0.7835
4957,0.76525
4958,0.66075
4959,0.66875
4960,0.52825
4961,0.3405
4962,0.20125
4963,0.05525
4964,0
4965,0
4966,0
4967,0
4968,0
4969,0
4970,0
4971,0
4972,0
4973,0.002
4974,0.10475
4975,0.26075
4976,0.421
4977,0.61875
4978,0.73075
4979,0.7885
4980,0.82075
4981,0.84875
4982,0.74825
4983,0.6295
4984,0.52325
4985,0.32975
4986,0.13425
4987,0.038
4988,0
4989,0
4990,0
4991,0
4992,0
4993,0
4994,0
4995,0
4996,0
4997,0.0015
4998,0.08875
4999,0.2225
5000,0.3345
5001,0.49375
5002,0.61775
5003,0.66925
5004,0.74375
5005,0.75275
5006,0.79975
5007,0.7085
5008,0.56825
5009,0.3975
5010,0.2115
5011,0.0545
5012,0
5013,0
5014,0
5015,0
5016,0
5017,0
5018,0
5019,0
5020,0
5021,0.001
5022,0.061
5023,0.155
5024,0.3045
5025,0.552
5026,0.74325
5027,0.83075
5028,0.77475
5029,0.704
5030,0.57225
5031,0.53025
5032,0.318
5033,0.2295
5034,0.0815
5035,0.029
5036,0
5037,0
5038,0
5039,0
5040,0
5041,0
5042,0
5043,0
5044,0
5045,0.00125
5046,0.07375
5047,0.2265
5048,0.39225
5049,0.61075
5050,0.7925
5051,0.77325
5052,0.695
5053,0.75425
5054,0.77175
5055,0.5995
5056,0.48725
5057,0.38525
5058,0.2055
5059,0.0535
5060,0
5061,0
5062,0
5063,0
5064,0
5065,0
5066,0
5067,0
5068,0
5069,0.00125
5070,0.09175
5071,0.222
5072,0.416
5073,0.58325
5074,0.78075
5075,0.82675
5076,0.825
5077,0.83725
5078,0.732
5079,0.63
5080,0.4655
5081,0.2795
5082,0.11975
5083,0.0315
5084,0
5085,0
5086,0
5087,0
5088,0
5089,0
5090,0
5091,0
5092,0
5093,0
5094,0.052
5095,0.19275
5096,0.36175
5097,0.539
5098,0.601
5099,0.686
5100,0.8145
5101,0.7925
5102,0.64025
5103,0.5425
5104,0.412
5105,0.24625
5106,0.14075
5107,0.03225
5108,0
5109,0
5110,0
5111,0
5112,0
5113,0
5114,0
5115,0
5116,0
5117,0
5118,0.0965
5119,0.2595
5120,0.4485
5121,0.61925
5122,0.78025
5123,0.818
5124,0.84825
5125,0.81975
5126,0.76175
5127,0.64875
5128,0.51025
5129,0.3685
5130,0.1615
5131,0.0415
5132,0
5133,0
5134,0
5135,0
5136,0
5137,0
5138,0
5139,0
5140,0
5141,0
5142,0.086
5143,0.21875
5144,0.3775
5145,0.5225
5146,0.65975
5147,0.7
5148,0.67325
5149,0.71375
5150,0.681
5151,0.61075
5152,0.49325
5153,0.29625
5154,0.13925
5155,0.03675
5156,0
5157,0
5158,0
5159,0
5160,0
5161,0
5162,0
5163,0
5164,0
5165,0
5166,0.06325
5167,0.1915
5168,0.382
5169,0.4815
5170,0.62475
5171,0.69325
5172,0.6765
5173,0.6335
5174,0.62125
5175,0.55475
5176,0.408
5177,0.2775
5178,0.133
5179,0.02525
5180,0
5181,0
5182,0
5183,0
5184,0
5185,0
5186,0
5187,0
5188,0
5189,0
5190,0.0505
5191,0.142
5192,0.22325
5193,0.38725
5194,0.49325
5195,0.4605
5196,0.38375
5197,0.5375
5198,0.51825
5199,0.42
5200,0.25475
5201,0.1095
5202,0.0885
5203,0.02425
5204,0
5205,0
5206,0
5207,0
5208,0
5209,0
5210,0
5211,0
5212,0
5213,0
5214,0.08525
5215,0.2505
5216,0.4425
5217,0.61675
5218,0.761
5219,0.86175
5220,0.90775
5221,0.8745
5222,0.8135
5223,0.6975
5224,0.5585
5225,0.37725
5226,0.1905
5227,0.03725
5228,0
5229,0
5230,0
5231,0
5232,0
5233,0
5234,0
5235,0
5236,0
5237,0
5238,0.0565
5239,0.16275
5240,0.31525
5241,0.51225
5242,0.62025
5243,0.659
5244,0.644
5245,0.648
5246,0.58
5247,0.46225
5248,0.311
5249,0.304
5250,0.14525
5251,0.02825
5252,0
5253,0
5254,0
5255,0
5256,0
5257,0
5258,0
5259,0
5260,0
5261,0
5262,0.04225
5263,0.13175
5264,0.22625
5265,0.43525
5266,0.44525
5267,0.5205
5268,0.64625
5269,0.68675
5270,0.61425
5271,0.31625
5272,0.325
5273,0.2055
5274,0.142
5275,0.02275
5276,0
5277,0
5278,0
5279,0
5280,0
5281,0
5282,0
5283,0
5284,0
5285,0
5286,0.05375
5287,0.18125
5288,0.3175
5289,0.37475
5290,0.42225
5291,0.53875
5292,0.76275
5293,0.768
5294,0.68325
5295,0.40675
5296,0.3285
5297,0.2025
5298,0.0975
5299,0.0195
5300,0
5301,0
5302,0
5303,0
5304,0
5305,0
5306,0
5307,0
5308,0
5309,0
5310,0.06075
5311,0.16275
5312,0.25725
5313,0.369
5314,0.5545
5315,0.6925
5316,0.6525
5317,0.556
5318,0.575
5319,0.553
5320,0.3915
5321,0.28125
5322,0.13525
5323,0.0205
5324,0
5325,0
5326,0
5327,0
5328,0
5329,0
5330,0
5331,0
5332,0
5333,0
5334,0.05825
5335,0.2025
5336,0.36275
5337,0.508
5338,0.60825
5339,0.65625
5340,0.683
5341,0.691
5342,0.625
5343,0.51775
5344,0.482
5345,0.31925
5346,0.14675
5347,0.023
5348,0
5349,0
5350,0
5351,0
5352,0
5353,0
5354,0
5355,0
5356,0
5357,0
5358,0.053
5359,0.1885
5360,0.3505
5361,0.51225
5362,0.698
5363,0.80875
5364,0.76325
5365,0.747
5366,0.7045
5367,0.65225
5368,0.46425
5369,0.3305
5370,0.1535
5371,0.02125
5372,0
5373,0
5374,0
5375,0
5376,0
5377,0
5378,0
5379,0
5380,0
5381,0
5382,0.03725
5383,0.14025
5384,0.331
5385,0.519
5386,0.68925
5387,0.7885
5388,0.79925
5389,0.71
5390,0.63975
5391,0.48425
5392,0.32675
5393,0.304
5394,0.152
5395,0.0195
5396,0
5397,0
5398,0
5399,0
5400,0
5401,0
5402,0
5403,0
5404,0
5405,0
5406,0.0495
5407,0.17025
5408,0.30925
5409,0.51525
5410,0.669
5411,0.69975
5412,0.53175
5413,0.6055
5414,0.60275
5415,0.53225
5416,0.44975
5417,0.25375
5418,0.1185
5419,0.01275
5420,0
5421,0
5422,0
5423,0
5424,0
5425,0
5426,0
5427,0
5428,0
5429,0
5430,0.0475
5431,0.19
5432,0.32025
5433,0.42875
5434,0.51475
5435,0.5925
5436,0.61625
5437,0.59175
5438,0.5645
5439,0.471
5440,0.37925
5441,0.2895
5442,0.10625
5443,0.013
5444,0
5445,0
5446,0
5447,0
5448,0
5449,0
5450,0
5451,0
5452,0
5453,0
5454,0.058
5455,0.16575
5456,0.2355
5457,0.304
5458,0.364
5459,0.39775
5460,0.41975
5461,0.44375
5462,0.36275
5463,0.34125
5464,0.3385
5465,0.168
5466,0.12575
5467,0.01275
5468,0
5469,0
5470,0
5471,0
5472,0
5473,0
5474,0
5475,0
5476,0
5477,0
5478,0.03725
5479,0.14725
5480,0.278
5481,0.42125
5482,0.464
5483,0.54675
5484,0.4395
5485,0.31725
5486,0.286
5487,0.2915
5488,0.189
5489,0.1155
5490,0.05175
5491,0.005
5492,0
5493,0
5494,0
5495,0
5496,0
5497,0
5498,0
5499,0
5500,0
5501,0
5502,0.0455
5503,0.156
5504,0.24825
5505,0.27425
5506,0.38425
5507,0.5485
5508,0.42675
5509,0.53225
5510,0.53275
5511,0.515
5512,0.41725
5513,0.30675
5514,0.12725
5515,0.011
5516,0
5517,0
5518,0
5519,0
5520,0
5521,0
5522,0
5523,0
5524,0
5525,0
5526,0.04125
5527,0.181
5528,0.31875
5529,0.464
5530,0.5665
5531,0.58175
5532,0.5775
5533,0.65125
5534,0.55125
5535,0.48475
5536,0.3865
5537,0.261
5538,0.11025
5539,0.008
5540,0
5541,0
5542,0
5543,0
5544,0
5545,0
5546,0
5547,0
5548,0
5549,0
5550,0.0515
5551,0.19275
5552,0.31875
5553,0.43325
5554,0.572
5555,0.56
5556,0.68925
5557,0.718
5558,0.5335
5559,0.444
5560,0.37525
5561,0.21525
5562,0.1195
5563,0.00675
5564,0
5565,0
5566,0
5567,0
5568,0
5569,0
5570,0
5571,0
5572,0
5573,0
5574,0.042
5575,0.1805
5576,0.354
5577,0.5385
5578,0.68
5579,0.7575
5580,0.772
5581,0.718
5582,0.60675
5583,0.4825
5584,0.386
5585,0.29325
5586,0.125
5587,0.007
5588,0
5589,0
5590,0
5591,0
5592,0
5593,0
5594,0
5595,0
5596,0
5597,0
5598,0.03675
5599,0.15425
5600,0.27425
5601,0.327
5602,0.4205
5603,0.4745
5604,0.527
5605,0.57725
5606,0.51225
5607,0.44075
5608,0.353
5609,0.22275
5610,0.097
5611,0.006
5612,0
5613,0
5614,0
5615,0
5616,0
5617,0
5618,0
5619,0
5620,0
5621,0
5622,0.03925
5623,0.19475
5624,0.32025
5625,0.40925
5626,0.532
5627,0.64625
5628,0.58325
5629,0.6385
5630,0.45225
5631,0.3795
5632,0.35075
5633,0.166
5634,0.10275
5635,0.00375
5636,0
5637,0
5638,0
5639,0
5640,0
5641,0
5642,0
5643,0
5644,0
5645,0
5646,0.04475
5647,0.21075
5648,0.40375
5649,0.571
5650,0.66975
5651,0.76525
5652,0.81625
5653,0.841
5654,0.7315
5655,0.5405
5656,0.4195
5657,0.172
5658,0.07925
5659,0.0025
5660,0
5661,0
5662,0
5663,0
5664,0
5665,0
5666,0
5667,0
5668,0
5669,0
5670,0.0305
5671,0.1555
5672,0.30325
5673,0.435
5674,0.5525
5675,0.59225
5676,0.48325
5677,0.5885
5678,0.486
5679,0.4755
5680,0.30025
5681,0.21575
5682,0.08675
5683,0.00275
5684,0
5685,0
5686,0
5687,0
5688,0
5689,0
5690,0
5691,0
5692,0
5693,0
5694,0.035
5695,0.14375
5696,0.293
5697,0.42425
5698,0.5305
5699,0.65975
5700,0.77625
5701,0.725
5702,0.73375
5703,0.59975
5704,0.3275
5705,0.19425
5706,0.0805
5707,0.0015
5708,0
5709,0
5710,0
5711,0
5712,0
5713,0
5714,0
5715,0
5716,0
5717,0
5718,0.039
5719,0.1955
5720,0.365
5721,0.47775
5722,0.621
5723,0.61975
5724,0.71525
5725,0.6815
5726,0.74375
5727,0.63975
5728,0.47775
5729,0.29075
5730,0.10375
5731,0.0015
5732,0
5733,0
5734,0
5735,0
5736,0
5737,0
5738,0
5739,0
5740,0
5741,0
5742,0.03125
5743,0.16225
5744,0.3135
5745,0.3935
5746,0.42775
5747,0.50025
5748,0.576
5749,0.517
5750,0.40675
5751,0.41625
5752,0.2415
5753,0.17375
5754,0.05925
5755,0.001
5756,0
5757,0
5758,0
5759,0
5760,0
5761,0
5762,0
5763,0
5764,0
5765,0
5766,0.0255
5767,0.14525
5768,0.2845
5769,0.36575
5770,0.49475
5771,0.5035
5772,0.50075
5773,0.645
5774,0.54825
5775,0.44025
5776,0.42175
5777,0.25975
5778,0.079
5779,0
5780,0
5781,0
5782,0
5783,0
5784,0
5785,0
5786,0
5787,0
5788,0
5789,0
5790,0.016
5791,0.081
5792,0.22
5793,0.316
5794,0.4125
5795,0.49425
5796,0.365
5797,0.35475
5798,0.34875
5799,0.28475
5800,0.292
5801,0.2305
5802,0.08375
5803,0
5804,0
5805,0
5806,0
5807,0
5808,0
5809,0
5810,0
5811,0
5812,0
5813,0
5814,0.02625
5815,0.15875
5816,0.32975
5817,0.51975
5818,0.67925
5819,0.7205
5820,0.66
5821,0.7075
5822,0.655
5823,0.548
5824,0.465
5825,0.278
5826,0.0985
5827,0
5828,0
5829,0
5830,0
5831,0
5832,0
5833,0
5834,0
5835,0
5836,0
5837,0
5838,0.0305
5839,0.1685
5840,0.312
5841,0.45875
5842,0.58175
5843,0.6795
5844,0.62175
5845,0.62925
5846,0.60225
5847,0.43375
5848,0.3245
5849,0.21325
5850,0.07
5851,0
5852,0
5853,0
5854,0
5855,0
5856,0
5857,0
5858,0
5859,0
5860,0
5861,0
5862,0.02525
5863,0.16925
5864,0.326
5865,0.43175
5866,0.565
5867,0.65525
5868,0.7285
5869,0.6525
5870,0.71225
5871,0.60625
5872,0.4485
5873,0.26275
5874,0.08975
5875,0
5876,0
5877,0
5878,0
5879,0
5880,0
5881,0
5882,0
5883,0
5884,0
5885,0
5886,0.02
5887,0.15975
5888,0.29275
5889,0.4415
5890,0.58275
5891,0.614
5892,0.634
5893,0.6545
5894,0.57725
5895,0.42
5896,0.3285
5897,0.17875
5898,0.0615
5899,0
5900,0
5901,0
5902,0
5903,0
5904,0
5905,0
5906,0
5907,0
5908,0
5909,0
5910,0.018
5911,0.169
5912,0.30525
5913,0.455
5914,0.55775
5915,0.61875
5916,0.637
5917,0.6205
5918,0.5775
5919,0.501
5920,0.42175
5921,0.20775
5922,0.06975
5923,0
5924,0
5925,0
5926,0
5927,0
5928,0
5929,0
5930,0
5931,0
5932,0
5933,0
5934,0.014
5935,0.1215
5936,0.26175
5937,0.4165
5938,0.4495
5939,0.44525
5940,0.4495
5941,0.45875
5942,0.44375
5943,0.34975
5944,0.251
5945,0.144
5946,0.04425
5947,0
5948,0
5949,0
5950,0
5951,0
5952,0
5953,0
5954,0
5955,0
5956,0
5957,0
5958,0.0145
5959,0.116
5960,0.252
5961,0.398
5962,0.5275
5963,0.5955
5964,0.6395
5965,0.6405
5966,0.56475
5967,0.4635
5968,0.34175
5969,0.194
5970,0.05675
5971,0
5972,0
5973,0
5974,0
5975,0
5976,0
5977,0
5978,0
5979,0
5980,0
5981,0
5982,0.01975
5983,0.15925
5984,0.2555
5985,0.39725
5986,0.59225
5987,0.6315
5988,0.66125
5989,0.51175
5990,0.571
5991,0.4355
5992,0.33325
5993,0.1595
5994,0.05275
5995,0
5996,0
5997,0
5998,0
5999,0
6000,0
6001,0
6002,0
6003,0
6004,0
6005,0
6006,0.0175
6007,0.141
6008,0.32525
6009,0.4975
6010,0.67625
6011,0.72825
6012,0.715
6013,0.705
6014,0.686
6015,0.51675
6016,0.357
6017,0.19325
6018,0.054
6019,0
6020,0
6021,0
6022,0
6023,0
6024,0
6025,0
6026,0
6027,0
6028,0
6029,0
6030,0.0155
6031,0.14025
6032,0.257
6033,0.34275
6034,0.4585
6035,0.586
6036,0.627
6037,0.50725
6038,0.435
6039,0.4335
6040,0.25625
6041,0.16975
6042,0.0385
6043,0
6044,0
6045,0
6046,0
6047,0
6048,0
6049,0
6050,0
6051,0
6052,0
6053,0
6054,0.01225
6055,0.11775
6056,0.262
6057,0.419
6058,0.5675
6059,0.649
6060,0.58775
6061,0.5215
6062,0.459
6063,0.36225
6064,0.2225
6065,0.13225
6066,0.03475
6067,0
6068,0
6069,0
6070,0
6071,0
6072,0
6073,0
6074,0
6075,0
6076,0
6077,0
6078,0.009
6079,0.0775
6080,0.1955
6081,0.32425
6082,0.37125
6083,0.39275
6084,0.397
6085,0.3905
6086,0.2975
6087,0.289
6088,0.17775
6089,0.099
6090,0.025
6091,0
6092,0
6093,0
6094,0
6095,0
6096,0
6097,0
6098,0
6099,0
6100,0
6101,0
6102,0.00975
6103,0.12175
6104,0.24475
6105,0.37525
6106,0.51325
6107,0.50025
6108,0.42675
6109,0.4935
6110,0.39725
6111,0.44225
6112,0.3675
6113,0.196
6114,0.045
6115,0
6116,0
6117,0
6118,0
6119,0
6120,0
6121,0
6122,0
6123,0
6124,0
6125,0
6126,0.00825
6127,0.085
6128,0.23325
6129,0.35025
6130,0.47325
6131,0.53175
6132,0.52725
6133,0.461
6134,0.4505
6135,0.446
6136,0.37025
6137,0.1525
6138,0.034
6139,0
6140,0
6141,0
6142,0
6143,0
6144,0
6145,0
6146,0
6147,0
6148,0
6149,0
6150,0.01175
6151,0.1555
6152,0.3285
6153,0.521
6154,0.6605
6155,0.74575
6156,0.74325
6157,0.76775
6158,0.68625
6159,0.5465
6160,0.3665
6161,0.188
6162,0.039
6163,0
6164,0
6165,0
6166,0
6167,0
6168,0
6169,0
6170,0
6171,0
6172,0
6173,0
6174,0.007
6175,0.117
6176,0.28675
6177,0.399
6178,0.561
6179,0.67375
6180,0.68975
6181,0.6795
6182,0.628
6183,0.47175
6184,0.3335
6185,0.15175
6186,0.03075
6187,0
6188,0
6189,0
6190,0
6191,0
6192,0
6193,0
6194,0
6195,0
6196,0
6197,0
6198,0.00525
6199,0.09325
6200,0.1875
6201,0.3025
6202,0.4065
6203,0.46175
6204,0.44
6205,0.52
6206,0.44575
6207,0.3765
6208,0.31425
6209,0.156
6210,0.023
6211,0
6212,0
6213,0
6214,0
6215,0
6216,0
6217,0
6218,0
6219,0
6220,0
6221,0
6222,0.006
6223,0.1165
6224,0.2685
6225,0.4385
6226,0.5145
6227,0.60975
6228,0.662
6229,0.664
6230,0.64
6231,0.434
6232,0.293
6233,0.1585
6234,0.0215
6235,0
6236,0
6237,0
6238,0
6239,0
6240,0
6241,0
6242,0
6243,0
6244,0
6245,0
6246,0.0045
6247,0.09625
6248,0.215
6249,0.35
6250,0.45925
6251,0.5385
6252,0.5425
6253,0.552
6254,0.462
6255,0.362
6256,0.2355
6257,0.1095
6258,0.016
6259,0
6260,0
6261,0
6262,0
6263,0
6264,0
6265,0
6266,0
6267,0
6268,0
6269,0
6270,0.00475
6271,0.06775
6272,0.2
6273,0.366
6274,0.47775
6275,0.52575
6276,0.592
6277,0.581
6278,0.472
6279,0.39825
6280,0.29625
6281,0.1455
6282,0.02075
6283,0
6284,0
6285,0
6286,0
6287,0
6288,0
6289,0
6290,0
6291,0
6292,0
6293,0
6294,0.00525
6295,0.143
6296,0.27825
6297,0.4285
6298,0.534
6299,0.62575
6300,0.635
6301,0.62425
6302,0.54425
6303,0.4375
6304,0.311
6305,0.155
6306,0.0195
6307,0
6308,0
6309,0
6310,0
6311,0
6312,0
6313,0
6314,0
6315,0
6316,0
6317,0
6318,0.0045
6319,0.1155
6320,0.25625
6321,0.3495
6322,0.603
6323,0.56225
6324,0.57125
6325,0.55875
6326,0.5735
6327,0.45975
6328,0.33725
6329,0.1765
6330,0.01825
6331,0
6332,0
6333,0
6334,0
6335,0
6336,0
6337,0
6338,0
6339,0
6340,0
6341,0
6342,0.00375
6343,0.086
6344,0.226
6345,0.31125
6346,0.41
6347,0.45775
6348,0.477
6349,0.44375
6350,0.3915
6351,0.31125
6352,0.2135
6353,0.1145
6354,0.01225
6355,0
6356,0
6357,0
6358,0
6359,0
6360,0
6361,0
6362,0
6363,0
6364,0
6365,0
6366,0.00325
6367,0.081
6368,0.21825
6369,0.3245
6370,0.41675
6371,0.448
6372,0.44675
6373,0.482
6374,0.42625
6375,0.284
6376,0.1475
6377,0.07675
6378,0.009
6379,0
6380,0
6381,0
6382,0
6383,0
6384,0
6385,0
6386,0
6387,0
6388,0
6389,0
6390,0.00175
6391,0.08275
6392,0.223
6393,0.33525
6394,0.39425
6395,0.45725
6396,0.44325
6397,0.42175
6398,0.404
6399,0.33275
6400,0.1825
6401,0.123
6402,0.0065
6403,0
6404,0
6405,0
6406,0
6407,0
6408,0
6409,0
6410,0
6411,0
6412,0
6413,0
6414,0.00125
6415,0.0895
6416,0.1855
6417,0.2255
6418,0.4115
6419,0.40625
6420,0.39625
6421,0.38575
6422,0.25125
6423,0.18725
6424,0.0835
6425,0.03825
6426,0.00375
6427,0
6428,0
6429,0
6430,0
6431,0
6432,0
6433,0
6434,0
6435,0
6436,0
6437,0
6438,0.00125
6439,0.083
6440,0.20425
6441,0.37
6442,0.51425
6443,0.56925
6444,0.62225
6445,0.6145
6446,0.51025
6447,0.43275
6448,0.32725
6449,0.14225
6450,0.00825
6451,0
6452,0
6453,0
6454,0
6455,0
6456,0
6457,0
6458,0
6459,0
6460,0
6461,0
6462,0.00175
6463,0.104
6464,0.26125
6465,0.429
6466,0.485
6467,0.63725
6468,0.65925
6469,0.66125
6470,0.61825
6471,0.48775
6472,0.31925
6473,0.12475
6474,0.00525
6475,0
6476,0
6477,0
6478,0
6479,0
6480,0
6481,0
6482,0
6483,0
6484,0
6485,0
6486,0.00125
6487,0.09375
6488,0.2235
6489,0.28175
6490,0.398
6491,0.39275
6492,0.479
6493,0.4375
6494,0.41275
6495,0.26475
6496,0.23375
6497,0.08775
6498,0.00325
6499,0
6500,0
6501,0
6502,0
6503,0
6504,0
6505,0
6506,0
6507,0
6508,0
6509,0
6510,0
6511,0.08625
6512,0.216
6513,0.35975
6514,0.4525
6515,0.46025
6516,0.46175
6517,0.384
6518,0.36125
6519,0.28575
6520,0.19475
6521,0.081
6522,0.002
6523,0
6524,0
6525,0
6526,0
6527,0
6528,0
6529,0
6530,0
6531,0
6532,0
6533,0
6534,0
6535,0.0725
6536,0.1935
6537,0.30875
6538,0.38
6539,0.39275
6540,0.34425
6541,0.37925
6542,0.32125
6543,0.209
6544,0.1525
6545,0.047
6546,0.00125
6547,0
6548,0
6549,0
6550,0
6551,0
6552,0
6553,0
6554,0
6555,0
6556,0
6557,0
6558,0
6559,0.0575
6560,0.1765
6561,0.3025
6562,0.3675
6563,0.40925
6564,0.47175
6565,0.43525
6566,0.41675
6567,0.359
6568,0.23175
6569,0.09525
6570,0.0015
6571,0
6572,0
6573,0
6574,0
6575,0
6576,0
6577,0
6578,0
6579,0
6580,0
6581,0
6582,0
6583,0.0755
6584,0.20175
6585,0.36725
6586,0.466
6587,0.563
6588,0.59475
6589,0.592
6590,0.47475
6591,0.33925
6592,0.2505
6593,0.0985
6594,0.00125
6595,0
6596,0
6597,0
6598,0
6599,0
6600,0
6601,0
6602,0
6603,0
6604,0
6605,0
6606,0
6607,0.075
6608,0.15925
6609,0.28225
6610,0.40575
6611,0.381
6612,0.37425
6613,0.36725
6614,0.303
6615,0.21075
6616,0.116
6617,0.06475
6618,0
6619,0
6620,0
6621,0
6622,0
6623,0
6624,0
6625,0
6626,0
6627,0
6628,0
6629,0
6630,0
6631,0.06875
6632,0.166
6633,0.26225
6634,0.354
6635,0.38825
6636,0.39
6637,0.30575
6638,0.273
6639,0.21225
6640,0.13125
6641,0.06075
6642,0
6643,0
6644,0
6645,0
6646,0
6647,0
6648,0
6649,0
6650,0
6651,0
6652,0
6653,0
6654,0
6655,0.04875
6656,0.1595
6657,0.3565
6658,0.38875
6659,0.41375
6660,0.42325
6661,0.476
6662,0.3905
6663,0.2765
6664,0.1525
6665,0.0445
6666,0
6667,0
6668,0
6669,0
6670,0
6671,0
6672,0
6673,0
6674,0
6675,0
6676,0
6677,0
6678,0
6679,0.064
6680,0.17575
6681,0.21325
6682,0.389
6683,0.4625
6684,0.49675
6685,0.51975
6686,0.4785
6687,0.44075
6688,0.27325
6689,0.0905
6690,0
6691,0
6692,0
6693,0
6694,0
6695,0
6696,0
6697,0
6698,0
6699,0
6700,0
6701,0
6702,0
6703,0.06575
6704,0.21075
6705,0.33475
6706,0.45425
6707,0.55025
6708,0.53575
6709,0.5175
6710,0.343
6711,0.26475
6712,0.13775
6713,0.057
6714,0
6715,0
6716,0
6717,0
6718,0
6719,0
6720,0
6721,0
6722,0
6723,0
6724,0
6725,0
6726,0
6727,0.06
6728,0.2135
6729,0.42875
6730,0.57875
6731,0.669
6732,0.6985
6733,0.66025
6734,0.522
6735,0.3695
6736,0.2095
6737,0.073
6738,0
6739,0
6740,0
6741,0
6742,0
6743,0
6744,0
6745,0
6746,0
6747,0
6748,0
6749,0
6750,0
6751,0.072
6752,0.22825
6753,0.378
6754,0.5025
6755,0.61225
6756,0.599
6757,0.56425
6758,0.515
6759,0.3775
6760,0.23875
6761,0.07975
6762,0
6763,0
6764,0
6765,0
6766,0
6767,0
6768,0
6769,0
6770,0
6771,0
6772,0
6773,0
6774,0
6775,0.05175
6776,0.15225
6777,0.2815
6778,0.3585
6779,0.42025
6780,0.46675
6781,0.471
6782,0.36775
6783,0.27825
6784,0.1745
6785,0.03975
6786,0
6787,0
6788,0
6789,0
6790,0
6791,0
6792,0
6793,0
6794,0
6795,0
6796,0
6797,0
6798,0
6799,0.0575
6800,0.21825
6801,0.37625
6802,0.53525
6803,0.62575
6804,0.59475
6805,0.54775
6806,0.40925
6807,0.37675
6808,0.21675
6809,0.06775
6810,0
6811,0
6812,0
6813,0
6814,0
6815,0
6816,0
6817,0
6818,0
6819,0
6820,0
6821,0
6822,0
6823,0.073
6824,0.2295
6825,0.4145
6826,0.52825
6827,0.60875
6828,0.65375
6829,0.5155
6830,0.4445
6831,0.33975
6832,0.201
6833,0.0635
6834,0
6835,0
6836,0
6837,0
6838,0
6839,0
6840,0
6841,0
6842,0
6843,0
6844,0
6845,0
6846,0
6847,0.0525
6848,0.19775
6849,0.261
6850,0.3465
6851,0.3645
6852,0.4505
6853,0.38875
6854,0.33425
6855,0.2455
6856,0.1485
6857,0.0495
6858,0
6859,0
6860,0
6861,0
6862,0
6863,0
6864,0
6865,0
6866,0
6867,0
6868,0
6869,0
6870,0
6871,0.0295
6872,0.127
6873,0.21375
6874,0.3125
6875,0.351
6876,0.34275
6877,0.27225
6878,0.30475
6879,0.234
6880,0.13275
6881,0.0415
6882,0
6883,0
6884,0
6885,0
6886,0
6887,0
6888,0
6889,0
6890,0
6891,0
6892,0
6893,0
6894,0
6895,0.05225
6896,0.20725
6897,0.37625
6898,0.4425
6899,0.545
6900,0.587
6901,0.54575
6902,0.40975
6903,0.30475
6904,0.2035
6905,0.046
6906,0
6907,0
6908,0
6909,0
6910,0
6911,0
6912,0
6913,0
6914,0
6915,0
6916,0
6917,0
6918,0
6919,0.04525
6920,0.21675
6921,0.33
6922,0.472
6923,0.48225
6924,0.50825
6925,0.439
6926,0.3425
6927,0.307
6928,0.17325
6929,0.02925
6930,0
6931,0
6932,0
6933,0
6934,0
6935,0
6936,0
6937,0
6938,0
6939,0
6940,0
6941,0
6942,0
6943,0.04125
6944,0.15175
6945,0.209
6946,0.275
6947,0.27325
6948,0.28325
6949,0.3225
6950,0.31
6951,0.1345
6952,0.14175
6953,0.03325
6954,0
6955,0
6956,0
6957,0
6958,0
6959,0
6960,0
6961,0
6962,0
6963,0
6964,0
6965,0
6966,0
6967,0.02175
6968,0.11175
6969,0.2305
6970,0.32775
6971,0.5285
6972,0.52825
6973,0.47725
6974,0.45025
6975,0.3055
6976,0.15575
6977,0.0365
6978,0
6979,0
6980,0
6981,0
6982,0
6983,0
6984,0
6985,0
6986,0
6987,0
6988,0
6989,0
6990,0
6991,0.0565
6992,0.21725
6993,0.395
6994,0.51425
6995,0.6145
6996,0.638
6997,0.541
6998,0.496
6999,0.383
7000,0.2125
7001,0.0475
7002,0
7003,0
7004,0
7005,0
7006,0
7007,0
7008,0
7009,0
7010,0
7011,0
7012,0
7013,0
7014,0
7015,0.036
7016,0.1805
7017,0.32275
7018,0.4625
7019,0.49025
7020,0.502
7021,0.43575
7022,0.428
7023,0.3015
7024,0.1525
7025,0.03
7026,0
7027,0
7028,0
7029,0
7030,0
7031,0
7032,0
7033,0
7034,0
7035,0
7036,0
7037,0
7038,0
7039,0.02475
7040,0.13325
7041,0.21175
7042,0.30075
7043,0.375
7044,0.379
7045,0.3645
7046,0.28375
7047,0.2025
7048,0.1455
7049,0.029
7050,0
7051,0
7052,0
7053,0
7054,0
7055,0
7056,0
7057,0
7058,0
7059,0
7060,0
7061,0
7062,0
7063,0.041
7064,0.16975
7065,0.27075
7066,0.43525
7067,0.493
7068,0.45475
7069,0.4705
7070,0.4555
7071,0.31925
7072,0.15825
7073,0.02975
7074,0
7075,0
7076,0
7077,0
7078,0
7079,0
7080,0
7081,0
7082,0
7083,0
7084,0
7085,0
7086,0
7087,0.02575
7088,0.115
7089,0.28275
7090,0.38125
7091,0.439
7092,0.4915
7093,0.45325
7094,0.3535
7095,0.22425
7096,0.12125
7097,0.02275
7098,0
7099,0
7100,0
7101,0
7102,0
7103,0
7104,0
7105,0
7106,0
7107,0
7108,0
7109,0
7110,0
7111,0.02625
7112,0.15725
7113,0.30125
7114,0.3895
7115,0.444
7116,0.4485
7117,0.34825
7118,0.35275
7119,0.2455
7120,0.126
7121,0.01675
7122,0
7123,0
7124,0
7125,0
7126,0
7127,0
7128,0
7129,0
7130,0
7131,0
7132,0
7133,0
7134,0
7135,0.02925
7136,0.14975
7137,0.27375
7138,0.37125
7139,0.336
7140,0.283
7141,0.4235
7142,0.28575
7143,0.12975
7144,0.11875
7145,0.0135
7146,0
7147,0
7148,0
7149,0
7150,0
7151,0
7152,0
7153,0
7154,0
7155,0
7156,0
7157,0
7158,0
7159,0.01525
7160,0.08175
7161,0.14175
7162,0.22275
7163,0.25425
7164,0.26725
7165,0.232
7166,0.2615
7167,0.19925
7168,0.1085
7169,0.016
7170,0
7171,0
7172,0
7173,0
7174,0
7175,0
7176,0
7177,0
7178,0
7179,0
7180,0
7181,0
7182,0
7183,0.01675
7184,0.09625
7185,0.14125
7186,0.201
7187,0.2605
7188,0.28025
7189,0.2065
7190,0.26575
7191,0.18375
7192,0.08425
7193,0.01375
7194,0
7195,0
7196,0
7197,0
7198,0
7199,0
7200,0
7201,0
7202,0
7203,0
7204,0
7205,0
7206,0
7207,0.01875
7208,0.10525
7209,0.19
7210,0.27425
7211,0.35025
7212,0.38625
7213,0.3315
7214,0.3015
7215,0.198
7216,0.0865
7217,0.01275
7218,0
7219,0
7220,0
7221,0
7222,0
7223,0
7224,0
7225,0
7226,0
7227,0
7228,0
7229,0
7230,0
7231,0.0125
7232,0.084
7233,0.131
7234,0.194
7235,0.2145
7236,0.23225
7237,0.219
7238,0.197
7239,0.12525
7240,0.089
7241,0.01075
7242,0
7243,0
7244,0
7245,0
7246,0
7247,0
7248,0
7249,0
7250,0
7251,0
7252,0
7253,0
7254,0
7255,0.0125
7256,0.077
7257,0.1185
7258,0.153
7259,0.1845
7260,0.2755
7261,0.20675
7262,0.1545
7263,0.105
7264,0.06375
7265,0.00875
7266,0
7267,0
7268,0
7269,0
7270,0
7271,0
7272,0
7273,0
7274,0
7275,0
7276,0
7277,0
7278,0
7279,0.017
7280,0.13125
7281,0.214
7282,0.3055
7283,0.36325
7284,0.36275
7285,0.34925
7286,0.2375
7287,0.195
7288,0.11275
7289,0.007
7290,0
7291,0
7292,0
7293,0
7294,0
7295,0
7296,0
7297,0
7298,0
7299,0
7300,0
7301,0
7302,0
7303,0.01675
7304,0.12675
7305,0.2
7306,0.306
7307,0.37225
7308,0.328
7309,0.33475
7310,0.28275
7311,0.20075
7312,0.1295
7313,0.0085
7314,0
7315,0
7316,0
7317,0
7318,0
7319,0
7320,0
7321,0
7322,0
7323,0
7324,0
7325,0
7326,0
7327,0.0155
7328,0.12425
7329,0.288
7330,0.39675
7331,0.44175
7332,0.45875
7333,0.40275
7334,0.31175
7335,0.209
7336,0.09725
7337,0.007
7338,0
7339,0
7340,0
7341,0
7342,0
7343,0
7344,0
7345,0
7346,0
7347,0
7348,0
7349,0
7350,0
7351,0.016
7352,0.16525
7353,0.3265
7354,0.429
7355,0.43
7356,0.49075
7357,0.46625
7358,0.34
7359,0.2795
7360,0.148
7361,0.01025
7362,0
7363,0
7364,0
7365,0
7366,0
7367,0
7368,0
7369,0
7370,0
7371,0
7372,0
7373,0
7374,0
7375,0.0125
7376,0.121
7377,0.2815
7378,0.34725
7379,0.38475
7380,0.442
7381,0.4035
7382,0.3565
7383,0.21275
7384,0.10575
7385,0.00625
7386,0
7387,0
7388,0
7389,0
7390,0
7391,0
7392,0
7393,0
7394,0
7395,0
7396,0
7397,0
7398,0
7399,0.00975
7400,0.1465
7401,0.29575
7402,0.4
7403,0.508
7404,0.5045
7405,0.45775
7406,0.38975
7407,0.2525
7408,0.1245
7409,0.00525
7410,0
7411,0
7412,0
7413,0
7414,0
7415,0
7416,0
7417,0
7418,0
7419,0
7420,0
7421,0
7422,0
7423,0.0085
7424,0.104
7425,0.21025
7426,0.31275
7427,0.38375
7428,0.43425
7429,0.37975
7430,0.2755
7431,0.18225
7432,0.09275
7433,0.00425
7434,0
7435,0
7436,0
7437,0
7438,0
7439,0
7440,0
7441,0
7442,0
7443,0
7444,0
7445,0
7446,0
7447,0.0065
7448,0.0745
7449,0.187
7450,0.30125
7451,0.41775
7452,0.4495
7453,0.47375
7454,0.412
7455,0.2815
7456,0.121
7457,0.00475
7458,0
7459,0
7460,0
7461,0
7462,0
7463,0
7464,0
7465,0
7466,0
7467,0
7468,0
7469,0
7470,0
7471,0.009
7472,0.14
7473,0.30575
7474,0.4355
7475,0.5085
7476,0.53525
7477,0.51125
7478,0.423
7479,0.25975
7480,0.10675
7481,0.00375
7482,0
7483,0
7484,0
7485,0
7486,0
7487,0
7488,0
7489,0
7490,0
7491,0
7492,0
7493,0
7494,0
7495,0.00775
7496,0.10725
7497,0.2285
7498,0.36875
7499,0.3885
7500,0.4085
7501,0.38275
7502,0.32325
7503,0.2165
7504,0.11825
7505,0.0025
7506,0
7507,0
7508,0
7509,0
7510,0
7511,0
7512,0
7513,0
7514,0
7515,0
7516,0
7517,0
7518,0
7519,0.005
7520,0.10425
7521,0.2035
7522,0.28525
7523,0.439
7524,0.458
7525,0.38975
7526,0.30475
7527,0.2205
7528,0.0975
7529,0.0025
7530,0
7531,0
7532,0
7533,0
7534,0
7535,0
7536,0
7537,0
7538,0
7539,0
7540,0
7541,0
7542,0
7543,0.0045
7544,0.099
7545,0.22875
7546,0.369
7547,0.44375
7548,0.446
7549,0.4205
7550,0.35
7551,0.22075
7552,0.08125
7553,0.00175
7554,0
7555,0
7556,0
7557,0
7558,0
7559,0
7560,0
7561,0
7562,0
7563,0
7564,0
7565,0
7566,0
7567,0.00375
7568,0.0815
7569,0.14
7570,0.209
7571,0.33225
7572,0.3405
7573,0.2535
7574,0.17375
7575,0.12825
7576,0.06325
7577,0.001
7578,0
7579,0
7580,0
7581,0
7582,0
7583,0
7584,0
7585,0
7586,0
7587,0
7588,0
7589,0
7590,0
7591,0.003
7592,0.07525
7593,0.16
7594,0.22575
7595,0.27075
7596,0.28075
7597,0.265
7598,0.2125
7599,0.14675
7600,0.06
7601,0
7602,0
7603,0
7604,0
7605,0
7606,0
7607,0
7608,0
7609,0
7610,0
7611,0
7612,0
7613,0
7614,0
7615,0.00275
7616,0.09675
7617,0.185
7618,0.28725
7619,0.38175
7620,0.35775
7621,0.3145
7622,0.24975
7623,0.14725
7624,0.058
7625,0
7626,0
7627,0
7628,0
7629,0
7630,0
7631,0
7632,0
7633,0
7634,0
7635,0
7636,0
7637,0
7638,0
7639,0.002
7640,0.10775
7641,0.26175
7642,0.37925
7643,0.45475
7644,0.4355
7645,0.30975
7646,0.32825
7647,0.18025
7648,0.07575
7649,0
7650,0
7651,0
7652,0
7653,0
7654,0
7655,0
7656,0
7657,0
7658,0
7659,0
7660,0
7661,0
7662,0
7663,0.00175
7664,0.09075
7665,0.20975
7666,0.32025
7667,0.38675
7668,0.38575
7669,0.3105
7670,0.2505
7671,0.184
7672,0.07975
7673,0
7674,0
7675,0
7676,0
7677,0
7678,0
7679,0
7680,0
7681,0
7682,0
7683,0
7684,0
7685,0
7686,0
7687,0.00175
7688,0.103
7689,0.237
7690,0.36925
7691,0.41225
7692,0.4135
7693,0.38525
7694,0.245
7695,0.1705
7696,0.077
7697,0
7698,0
7699,0
7700,0
7701,0
7702,0
7703,0
7704,0
7705,0
7706,0
7707,0
7708,0
7709,0
7710,0
7711,0
7712,0.06925
7713,0.169
7714,0.30025
7715,0.313
7716,0.35325
7717,0.37825
7718,0.30125
7719,0.19525
7720,0.085
7721,0
7722,0
7723,0
7724,0
7725,0
7726,0
7727,0
7728,0
7729,0
7730,0
7731,0
7732,0
7733,0
7734,0
7735,0
7736,0.107
7737,0.262
7738,0.3915
7739,0.47375
7740,0.49625
7741,0.4485
7742,0.38375
7743,0.2345
7744,0.092
7745,0
7746,0
7747,0
7748,0
7749,0
7750,0
7751,0
7752,0
7753,0
7754,0
7755,0
7756,0
7757,0
7758,0
7759,0
7760,0.1
7761,0.2545
7762,0.335
7763,0.41875
7764,0.464
7765,0.44825
7766,0.35275
7767,0.233
7768,0.08575
7769,0
7770,0
7771,0
7772,0
7773,0
7774,0
7775,0
7776,0
7777,0
7778,0
7779,0
7780,0
7781,0
7782,0
7783,0
7784,0.0725
7785,0.2045
7786,0.28525
7787,0.35625
7788,0.38975
7789,0.377
7790,0.28525
7791,0.15425
7792,0.07175
7793,0
7794,0
7795,0
7796,0
7797,0
7798,0
7799,0
7800,0
7801,0
7802,0
7803,0
7804,0
7805,0
7806,0
7807,0
7808,0.0545
7809,0.12025
7810,0.20775
7811,0.2535
7812,0.30725
7813,0.24725
7814,0.178
7815,0.13025
7816,0.052
7817,0
7818,0
7819,0
7820,0
7821,0
7822,0
7823,0
7824,0
7825,0
7826,0
7827,0
7828,0
7829,0
7830,0
7831,0
7832,0.0735
7833,0.1535
7834,0.27175
7835,0.335
7836,0.346
7837,0.3495
7838,0.27925
7839,0.1855
7840,0.06175
7841,0
7842,0
7843,0
7844,0
7845,0
7846,0
7847,0
7848,0
7849,0
7850,0
7851,0
7852,0
7853,0
7854,0
7855,0
7856,0.07175
7857,0.1835
7858,0.28875
7859,0.341
7860,0.361
7861,0.3415
7862,0.26725
7863,0.174
7864,0.0625
7865,0
7866,0
7867,0
7868,0
7869,0
7870,0
7871,0
7872,0
7873,0
7874,0
7875,0
7876,0
7877,0
7878,0
7879,0
7880,0.072
7881,0.18925
7882,0.28525
7883,0.33325
7884,0.3545
7885,0.3005
7886,0.237
7887,0.15725
7888,0.05775
7889,0
7890,0
7891,0
7892,0
7893,0
7894,0
7895,0
7896,0
7897,0
7898,0
7899,0
7900,0
7901,0
7902,0
7903,0
7904,0.053
7905,0.1425
7906,0.2115
7907,0.226
7908,0.26675
7909,0.2285
7910,0.17525
7911,0.0995
7912,0.0385
7913,0
7914,0
7915,0
7916,0
7917,0
7918,0
7919,0
7920,0
7921,0
7922,0
7923,0
7924,0
7925,0
7926,0
7927,0
7928,0.044
7929,0.15125
7930,0.23025
7931,0.28725
7932,0.31375
7933,0.26175
7934,0.19725
7935,0.1055
7936,0.0445
7937,0
7938,0
7939,0
7940,0
7941,0
7942,0
7943,0
7944,0
7945,0
7946,0
7947,0
7948,0
7949,0
7950,0
7951,0
7952,0.051
7953,0.14925
7954,0.14125
7955,0.20075
7956,0.39075
7957,0.271
7958,0.24
7959,0.15325
7960,0.0585
7961,0
7962,0
7963,0
7964,0
7965,0
7966,0
7967,0
7968,0
7969,0
7970,0
7971,0
7972,0
7973,0
7974,0
7975,0
7976,0.04825
7977,0.16525
7978,0.2435
7979,0.2765
7980,0.334
7981,0.292
7982,0.20775
7983,0.15125
7984,0.045
7985,0
7986,0
7987,0
7988,0
7989,0
7990,0
7991,0
7992,0
7993,0
7994,0
7995,0
7996,0
7997,0
7998,0
7999,0
8000,0.059
8001,0.172
8002,0.276
8003,0.34
8004,0.358
8005,0.33575
8006,0.25075
8007,0.14375
8008,0.05425
8009,0
8010,0
8011,0
8012,0
8013,0
8014,0
8015,0
8016,0
8017,0
8018,0
8019,0
8020,0
8021,0
8022,0
8023,0
8024,0.05275
8025,0.1555
8026,0.24825
8027,0.281
8028,0.23375
8029,0.211
8030,0.142
8031,0.08775
8032,0.03675
8033,0
8034,0
8035,0
8036,0
8037,0
8038,0
8039,0
8040,0
8041,0
8042,0
8043,0
8044,0
8045,0
8046,0
8047,0
8048,0.02675
8049,0.07675
8050,0.14775
8051,0.20925
8052,0.259
8053,0.26275
8054,0.2055
8055,0.1195
8056,0.036
8057,0
8058,0
8059,0
8060,0
8061,0
8062,0
8063,0
8064,0
8065,0
8066,0
8067,0
8068,0
8069,0
8070,0
8071,0
8072,0.0295
8073,0.12025
8074,0.1735
8075,0.199
8076,0.204
8077,0.165
8078,0.1295
8079,0.0725
8080,0.0305
8081,0
8082,0
8083,0
8084,0
8085,0
8086,0
8087,0
8088,0
8089,0
8090,0
8091,0
8092,0
8093,0
8094,0
8095,0
8096,0.04875
8097,0.151
8098,0.29725
8099,0.37025
8100,0.4205
8101,0.35975
8102,0.21825
8103,0.1555
8104,0.049
8105,0
8106,0
8107,0
8108,0
8109,0
8110,0
8111,0
8112,0
8113,0
8114,0
8115,0
8116,0
8117,0
8118,0
8119,0
8120,0.0335
8121,0.151
8122,0.28175
8123,0.336
8124,0.3155
8125,0.3225
8126,0.25425
8127,0.1655
8128,0.04025
8129,0
8130,0
8131,0
8132,0
8133,0
8134,0
8135,0
8136,0
8137,0
8138,0
8139,0
8140,0
8141,0
8142,0
8143,0
8144,0.01975
8145,0.069
8146,0.1185
8147,0.16975
8148,0.12925
8149,0.1485
8150,0.16125
8151,0.083
8152,0.034
8153,0
8154,0
8155,0
8156,0
8157,0
8158,0
8159,0
8160,0
8161,0
8162,0
8163,0
8164,0
8165,0
8166,0
8167,0
8168,0.04125
8169,0.12075
8170,0.23125
8171,0.269
8172,0.2845
8173,0.233
8174,0.173
8175,0.1065
8176,0.03725
8177,0
8178,0
8179,0
8180,0
8181,0
8182,0
8183,0
8184,0
8185,0
8186,0
8187,0
8188,0
8189,0
8190,0
8191,0
8192,0.044
8193,0.16425
8194,0.26175
8195,0.344
8196,0.3225
8197,0.3185
8198,0.22075
8199,0.1475
8200,0.04775
8201,0
8202,0
8203,0
8204,0
8205,0
8206,0
8207,0
8208,0
8209,0
8210,0
8211,0
8212,0
8213,0
8214,0
8215,0
8216,0.04375
8217,0.14375
8218,0.25875
8219,0.3055
8220,0.35225
8221,0.31375
8222,0.235
8223,0.139
8224,0.0385
8225,0
8226,0
8227,0
8228,0
8229,0
8230,0
8231,0
8232,0
8233,0
8234,0
8235,0
8236,0
8237,0
8238,0
8239,0
8240,0.022
8241,0.07175
8242,0.10275
8243,0.094
8244,0.19025
8245,0.1535
8246,0.09475
8247,0.06275
8248,0.017
8249,0
8250,0
8251,0
8252,0
8253,0
8254,0
8255,0
8256,0
8257,0
8258,0
8259,0
8260,0
8261,0
8262,0
8263,0
8264,0.0175
8265,0.0575
8266,0.09125
8267,0.11875
8268,0.13725
8269,0.09925
8270,0.0895
8271,0.10825
8272,0.03225
8273,0
8274,0
8275,0
8276,0
8277,0
8278,0
8279,0
8280,0
8281,0
8282,0
8283,0
8284,0
8285,0
8286,0
8287,0
8288,0.035
8289,0.134
8290,0.2095
8291,0.3335
8292,0.419
8293,0.375
8294,0.32125
8295,0.197
8296,0.067
8297,0
8298,0
8299,0
8300,0
8301,0
8302,0
8303,0
8304,0
8305,0
8306,0
8307,0
8308,0
8309,0
8310,0
8311,0
8312,0.03275
8313,0.1285
8314,0.19825
8315,0.231
8316,0.23575
8317,0.2455
8318,0.247
8319,0.163
8320,0.05325
8321,0
8322,0
8323,0
8324,0
8325,0
8326,0
8327,0
8328,0
8329,0
8330,0
8331,0
8332,0
8333,0
8334,0
8335,0
8336,0.036
8337,0.158
8338,0.267
8339,0.3775
8340,0.42775
8341,0.37825
8342,0.29275
8343,0.19075
8344,0.0685
8345,0
8346,0
8347,0
8348,0
8349,0
8350,0
8351,0
8352,0
8353,0
8354,0
8355,0
8356,0
8357,0
8358,0
8359,0
8360,0.0205
8361,0.08525
8362,0.1375
8363,0.15575
8364,0.2015
8365,0.2465
8366,0.138
8367,0.08375
8368,0.03875
8369,0
8370,0
8371,0
8372,0
8373,0
8374,0
8375,0
8376,0
8377,0
8378,0
8379,0
8380,0
8381,0
8382,0
8383,0
8384,0.025
8385,0.10925
8386,0.1805
8387,0.22975
8388,0.2385
8389,0.22925
8390,0.19275
8391,0.14475
8392,0.05375
8393,0
8394,0
8395,0
8396,0
8397,0
8398,0
8399,0
8400,0
8401,0
8402,0
8403,0
8404,0
8405,0
8406,0
8407,0
8408,0.02925
8409,0.11675
8410,0.21075
8411,0.2575
8412,0.25875
8413,0.244
8414,0.1795
8415,0.0995
8416,0.03275
8417,0
8418,0
8419,0
8420,0
8421,0
8422,0
8423,0
8424,0
8425,0
8426,0
8427,0
8428,0
8429,0
8430,0
8431,0
8432,0.01525
8433,0.0705
8434,0.103
8435,0.132
8436,0.12
8437,0.0865
8438,0.082
8439,0.086
8440,0.03475
8441,0
8442,0
8443,0
8444,0
8445,0
8446,0
8447,0
8448,0
8449,0
8450,0
8451,0
8452,0
8453,0
8454,0
8455,0
8456,0.01625
8457,0.107
8458,0.1915
8459,0.30825
8460,0.273
8461,0.2795
8462,0.167
8463,0.1545
8464,0.05075
8465,0
8466,0
8467,0
8468,0
8469,0
8470,0
8471,0
8472,0
8473,0
8474,0
8475,0
8476,0
8477,0
8478,0
8479,0
8480,0.02775
8481,0.14625
8482,0.27825
8483,0.35525
8484,0.402
8485,0.40875
8486,0.32825
8487,0.2155
8488,0.07125
8489,0
8490,0
8491,0
8492,0
8493,0
8494,0
8495,0
8496,0
8497,0
8498,0
8499,0
8500,0
8501,0
8502,0
8503,0
8504,0.0245
8505,0.1305
8506,0.23075
8507,0.29475
8508,0.331
8509,0.32625
8510,0.25525
8511,0.169
8512,0.05925
8513,0
8514,0
8515,0
8516,0
8517,0
8518,0
8519,0
8520,0
8521,0
8522,0
8523,0
8524,0
8525,0
8526,0
8527,0
8528,0.022
8529,0.124
8530,0.17325
8531,0.18375
8532,0.17675
8533,0.19475
8534,0.15825
8535,0.14025
8536,0.05725
8537,0
8538,0
8539,0
8540,0
8541,0
8542,0
8543,0
8544,0
8545,0
8546,0
8547,0
8548,0
8549,0
8550,0
8551,0
8552,0.02575
8553,0.13625
8554,0.239
8555,0.3145
8556,0.3215
8557,0.31975
8558,0.26575
8559,0.12925
8560,0.05425
8561,0
8562,0
8563,0
8564,0
8565,0
8566,0
8567,0
8568,0
8569,0
8570,0
8571,0
8572,0
8573,0
8574,0
8575,0
8576,0.0225
8577,0.1165
8578,0.21
8579,0.26275
8580,0.26275
8581,0.2545
8582,0.21175
8583,0.12175
8584,0.04275
8585,0
8586,0
8587,0
8588,0
8589,0
8590,0
8591,0
8592,0
8593,0
8594,0
8595,0
8596,0
8597,0
8598,0
8599,0
8600,0.01775
8601,0.10575
8602,0.21025
8603,0.2795
8604,0.26825
8605,0.25025
8606,0.228
8607,0.1355
8608,0.05375
8609,0
8610,0
8611,0
8612,0
8613,0
8614,0
8615,0
8616,0
8617,0
8618,0
8619,0
8620,0
8621,0
8622,0
8623,0
8624,0.01925
8625,0.1005
8626,0.218
8627,0.247
8628,0.316
8629,0.285
8630,0.19675
8631,0.12225
8632,0.05025
8633,0
8634,0
8635,0
8636,0
8637,0
8638,0
8639,0
8640,0
8641,0
8642,0
8643,0
8644,0
8645,0
8646,0
8647,0
8648,0.019
8649,0.0855
8650,0.171
8651,0.196
8652,0.1955
8653,0.215
8654,0.20675
8655,0.14475
8656,0.0595
8657,0
8658,0
8659,0
8660,0
8661,0
8662,0
8663,0
8664,0
8665,0
8666,0
8667,0
8668,0
8669,0
8670,0
8671,0
8672,0.0125
8673,0.05625
8674,0.10325
8675,0.1385
8676,0.18825
8677,0.23725
8678,0.26075
8679,0.1585
8680,0.043
8681,0
8682,0
8683,0
8684,0
8685,0
8686,0
8687,0
8688,0
8689,0
8690,0
8691,0
8692,0
8693,0
8694,0
8695,0
8696,0.01125
8697,0.05675
8698,0.11925
8699,0.14175
8700,0.184
8701,0.153
8702,0.121
8703,0.114
8704,0.052
8705,0
8706,0
8707,0
8708,0
8709,0
8710,0
8711,0
8712,0
8713,0
8714,0
8715,0
8716,0
8717,0
8718,0
8719,0
8720,0.01675
8721,0.0905
8722,0.1725
8723,0.22625
8724,0.19775
8725,0.21075
8726,0.2045
8727,0.12925
8728,0.05225
8729,0
8730,0
8731,0
8732,0
8733,0
8734,0
8735,0
8736,0
8737,0
8738,0
8739,0
8740,0
8741,0
8742,0
8743,0
8744,0.01375
8745,0.07175
8746,0.1135
8747,0.14
8748,0.16325
8749,0.12
8750,0.0945
8751,0.0875
8752,0.04375
8753,0
8754,0
8755,0
8756,0
8757,0
8758,0
8759,0
8760,0